phase,elapsed_seconds,memory_used_mib,gpu_utilization_percent
multilabel_smoke,0.0,1575.0,63.0
multilabel_smoke,0.6956873999442905,7741.0,2.0
multilabel_smoke,1.416179700056091,7888.0,78.0
multilabel_smoke,2.1254392999690026,7888.0,100.0
multilabel_smoke,2.8624124999623746,7887.0,92.0
multilabel_smoke,3.573427400086075,7888.0,100.0
multilabel_smoke,4.2630215000826865,7886.0,93.0
multilabel_smoke,4.967052299994975,7885.0,98.0
multilabel_smoke,5.685788800008595,7886.0,100.0
multilabel_smoke,6.407669899985194,7887.0,93.0
multilabel_smoke,7.105388200143352,7884.0,100.0
multilabel_smoke,7.823343000141904,7885.0,100.0
multilabel_smoke,8.542985900072381,7886.0,99.0
multilabel_smoke,9.258950000163168,7887.0,97.0
multilabel_smoke,9.977933899965137,7888.0,100.0
multilabel_smoke,10.695026600034907,7887.0,93.0
multilabel_smoke,11.406616300111637,7886.0,96.0
multilabel_smoke,12.107227399945259,7884.0,99.0
multilabel_smoke,12.802837199997157,7884.0,98.0
multilabel_smoke,13.522287900093943,7885.0,99.0
multilabel_smoke,14.233213900122792,7884.0,99.0
multilabel_smoke,14.959359700093046,7884.0,100.0
multilabel_smoke,15.663631099974737,7883.0,100.0
multilabel_smoke,16.371173300081864,7883.0,100.0
multilabel_smoke,17.078799200011417,7883.0,100.0
multilabel_smoke,17.78114280011505,7883.0,96.0
multilabel_smoke,18.48018499999307,7883.0,100.0
multilabel_smoke,19.180905800079927,7880.0,98.0
multilabel_smoke,19.89600700000301,7880.0,100.0
multilabel_smoke,20.601079100044444,7881.0,99.0
multilabel_smoke,21.300516800023615,7880.0,100.0
multilabel_smoke,22.019896800164133,7881.0,99.0
multilabel_smoke,22.750507600139827,7881.0,99.0
multilabel_smoke,23.46778369997628,7879.0,100.0
multilabel_smoke,24.170119000133127,7880.0,100.0
multilabel_smoke,24.872140600113198,7881.0,100.0
multilabel_smoke,25.574028300121427,7884.0,100.0
multilabel_smoke,26.284604500047863,7882.0,100.0
multilabel_smoke,26.992889899993315,7882.0,100.0
multilabel_smoke,27.699923099949956,7882.0,100.0
multilabel_smoke,28.409760300070047,7882.0,100.0
multilabel_smoke,29.138452799990773,7881.0,93.0
multilabel_smoke,29.85586030012928,7881.0,97.0
multilabel_smoke,30.570646200096235,7883.0,99.0
multilabel_smoke,31.28300890000537,7882.0,100.0
multilabel_smoke,32.00274910009466,7877.0,100.0
multilabel_smoke,32.72776630008593,7880.0,100.0
multilabel_smoke,33.45054160011932,7880.0,100.0
multilabel_smoke,34.16774179995991,7883.0,99.0
multilabel_smoke,34.87668570014648,7881.0,100.0
multilabel_smoke,35.59226760012098,7881.0,94.0
multilabel_smoke,36.313489200081676,7881.0,100.0
multilabel_smoke,37.038833800004795,7881.0,100.0
multilabel_smoke,37.76103900000453,7881.0,100.0
multilabel_smoke,38.47722190013155,7881.0,100.0
multilabel_smoke,39.20147450012155,7880.0,100.0
multilabel_smoke,39.92332209995948,7880.0,93.0
multilabel_smoke,40.64252360002138,7880.0,100.0
multilabel_smoke,41.364963999949396,7874.0,97.0
multilabel_smoke,42.073315399931744,7880.0,99.0
multilabel_smoke,42.78180120000616,7867.0,97.0
multilabel_smoke,43.50969039998017,7869.0,100.0
multilabel_smoke,44.23651590012014,7877.0,93.0
multilabel_smoke,44.940308700082824,7877.0,98.0
multilabel_smoke,45.66760929999873,7877.0,97.0
multilabel_smoke,46.38522809999995,7877.0,99.0
multilabel_smoke,47.095312900142744,7877.0,99.0
multilabel_smoke,47.801065400009975,7877.0,97.0
multilabel_smoke,48.501785800093785,7881.0,100.0
multilabel_smoke,49.21300510014407,7881.0,99.0
multilabel_smoke,49.945165200158954,7879.0,100.0
multilabel_smoke,50.668985000113025,7870.0,100.0
multilabel_smoke,51.380999100161716,7875.0,99.0
multilabel_smoke,52.099519200157374,7875.0,91.0
multilabel_smoke,52.80054510012269,7875.0,89.0
multilabel_smoke,53.51596869993955,7871.0,99.0
multilabel_smoke,54.25833320012316,7871.0,100.0
multilabel_smoke,54.97345790010877,7873.0,99.0
multilabel_smoke,55.69375770003535,7873.0,100.0
multilabel_smoke,56.41503809997812,7874.0,100.0
multilabel_smoke,57.13023060001433,7873.0,99.0
multilabel_smoke,57.846208200091496,7873.0,99.0
multilabel_smoke,58.56217920011841,7873.0,99.0
multilabel_smoke,59.26983659993857,7873.0,95.0
multilabel_smoke,59.979172999970615,7872.0,100.0
multilabel_smoke,60.69708640011959,7872.0,100.0
multilabel_smoke,61.409397799987346,7873.0,100.0
multilabel_smoke,62.12235020007938,7874.0,99.0
multilabel_smoke,62.843541000038385,7874.0,98.0
multilabel_smoke,63.54819350014441,7874.0,100.0
multilabel_smoke,64.25033019995317,7874.0,98.0
multilabel_smoke,64.95125710009597,7874.0,100.0
multilabel_smoke,65.65499199996702,7875.0,97.0
multilabel_smoke,66.37299280008301,7875.0,100.0
multilabel_smoke,67.08881760016084,7875.0,100.0
multilabel_smoke,67.81269049993716,7873.0,100.0
multilabel_smoke,68.52029590005986,7873.0,100.0
multilabel_smoke,69.23004620010033,7873.0,98.0
multilabel_smoke,69.95090289996006,7873.0,96.0
multilabel_smoke,70.67347289994359,7873.0,100.0
multilabel_smoke,71.39931330014952,7873.0,100.0
multilabel_smoke,72.11490670009516,7872.0,100.0
multilabel_smoke,72.82230410003103,7865.0,100.0
multilabel_smoke,73.57185890013352,7872.0,100.0
multilabel_smoke,74.296598700108,7872.0,100.0
multilabel_smoke,75.01242289994843,7872.0,100.0
multilabel_smoke,75.72022310015745,7872.0,97.0
multilabel_smoke,76.4281115999911,7872.0,100.0
multilabel_smoke,77.1285050001461,7871.0,100.0
multilabel_smoke,77.82944040000439,7871.0,100.0
multilabel_smoke,78.52577359997667,7870.0,100.0
multilabel_smoke,79.24878160003573,7870.0,99.0
multilabel_smoke,79.9676367000211,7872.0,100.0
multilabel_smoke,80.68214210006408,7872.0,99.0
multilabel_smoke,81.39224870014004,7872.0,96.0
multilabel_smoke,82.09153850004077,7871.0,100.0
multilabel_smoke,82.80020870012231,7871.0,97.0
multilabel_smoke,83.52080540009774,7870.0,100.0
multilabel_smoke,84.26950960000977,7872.0,100.0
multilabel_smoke,84.98429729999043,7873.0,100.0
multilabel_smoke,85.71214510011487,7873.0,95.0
multilabel_smoke,86.43740860000253,7874.0,100.0
multilabel_smoke,87.15111199999228,7862.0,100.0
multilabel_smoke,87.85703469999135,7867.0,100.0
multilabel_smoke,88.56100430013612,7869.0,94.0
multilabel_smoke,89.27570460014977,7871.0,100.0
multilabel_smoke,89.99340860010125,7871.0,98.0
multilabel_smoke,90.70232630008832,7873.0,99.0
multilabel_smoke,91.41349619999528,7868.0,95.0
multilabel_smoke,92.11966140009463,7873.0,100.0
multilabel_smoke,92.86491450015455,7873.0,96.0
multilabel_smoke,93.59336520009674,7873.0,100.0
multilabel_smoke,94.30340049997903,7873.0,95.0
multilabel_smoke,95.03620219998993,7873.0,100.0
multilabel_smoke,95.74746400001459,7868.0,96.0
multilabel_smoke,96.47679700003937,7871.0,100.0
multilabel_smoke,97.19736130000092,7872.0,90.0
multilabel_smoke,97.94479169999249,7862.0,100.0
multilabel_smoke,98.65170280006714,7872.0,100.0
multilabel_smoke,99.37224630010314,7872.0,100.0
multilabel_smoke,100.105264400132,7873.0,95.0
multilabel_smoke,100.81887020007707,7873.0,100.0
multilabel_smoke,101.53002050006762,7873.0,89.0
multilabel_smoke,102.23061680002138,7872.0,100.0
multilabel_smoke,102.9372990000993,7864.0,96.0
multilabel_smoke,103.65018480014987,7869.0,99.0
multilabel_smoke,104.35508010000922,7873.0,98.0
multilabel_smoke,105.07494990015402,7873.0,100.0
multilabel_smoke,105.79865520005114,7873.0,99.0
multilabel_smoke,106.50897080008872,7873.0,100.0
multilabel_smoke,107.22663150005974,7861.0,96.0
multilabel_smoke,107.95683380006813,7872.0,100.0
multilabel_smoke,108.6751981000416,7873.0,100.0
multilabel_smoke,109.38884859997779,7873.0,100.0
multilabel_smoke,110.10728790005669,7876.0,99.0
multilabel_smoke,110.808697800152,7876.0,100.0
multilabel_smoke,111.51066819997504,7876.0,100.0
multilabel_smoke,112.2164334000554,7876.0,100.0
multilabel_smoke,112.93442890001461,7876.0,100.0
multilabel_smoke,113.66769130015746,7876.0,100.0
multilabel_smoke,114.37498800014146,7870.0,100.0
multilabel_smoke,115.08976650005206,7870.0,100.0
multilabel_smoke,115.81173410010524,7874.0,100.0
multilabel_smoke,116.52633080002852,7874.0,100.0
multilabel_smoke,117.24868520000018,7873.0,99.0
multilabel_smoke,117.96047280007042,7871.0,96.0
multilabel_smoke,118.6931170001626,7859.0,100.0
multilabel_smoke,119.4137748000212,7867.0,100.0
multilabel_smoke,120.12694220012054,7874.0,100.0
multilabel_smoke,120.84176730015315,7872.0,100.0
multilabel_smoke,121.56512060016394,7872.0,100.0
multilabel_smoke,122.28155770013109,7872.0,100.0
multilabel_smoke,122.99112250003964,7870.0,100.0
multilabel_smoke,123.71347149997018,7870.0,99.0
multilabel_smoke,124.42498480016366,7874.0,91.0
multilabel_smoke,125.14953029993922,7874.0,99.0
multilabel_smoke,125.90021430002525,7872.0,100.0
multilabel_smoke,126.60581750003621,7872.0,100.0
multilabel_smoke,127.31509419996291,7872.0,99.0
multilabel_smoke,128.02972650015727,7872.0,98.0
multilabel_smoke,128.74125210009515,7872.0,100.0
multilabel_smoke,129.45638460014015,7868.0,88.0
multilabel_smoke,130.1604661999736,7870.0,100.0
multilabel_smoke,130.86215019994415,7872.0,100.0
multilabel_smoke,131.57764190016314,7872.0,100.0
multilabel_smoke,132.30053579993546,7870.0,100.0
multilabel_smoke,133.0076167001389,7867.0,100.0
multilabel_smoke,133.72038380010054,7870.0,98.0
multilabel_smoke,134.42439980013296,7870.0,100.0
multilabel_smoke,135.13714160001837,7871.0,100.0
multilabel_smoke,135.85169830010273,7870.0,100.0
multilabel_smoke,136.57936760014854,7872.0,99.0
multilabel_smoke,137.28777649998665,7864.0,100.0
multilabel_smoke,137.990026100073,7864.0,99.0
multilabel_smoke,138.6891755000688,7871.0,100.0
multilabel_smoke,139.39675309997983,7873.0,100.0
multilabel_smoke,140.1047511000652,7873.0,99.0
multilabel_smoke,140.8045328001026,7873.0,100.0
multilabel_smoke,141.51289859996177,7873.0,100.0
multilabel_smoke,142.21235010004602,7873.0,100.0
multilabel_smoke,142.91366080008447,7872.0,96.0
multilabel_smoke,143.63320589996874,7873.0,100.0
multilabel_smoke,144.35080479993485,7873.0,99.0
multilabel_smoke,145.06054230011068,7873.0,100.0
multilabel_smoke,145.8146661000792,7871.0,100.0
multilabel_smoke,146.55029990011826,7873.0,100.0
multilabel_smoke,147.25908380001783,7873.0,100.0
multilabel_smoke,147.99018470011652,7862.0,99.0
multilabel_smoke,148.69505199999548,7866.0,91.0
multilabel_smoke,149.41530350013636,7873.0,96.0
multilabel_smoke,150.13076620013453,7873.0,100.0
multilabel_smoke,150.85379980015568,7871.0,100.0
multilabel_smoke,151.56437260005623,7872.0,100.0
multilabel_smoke,152.27427980001085,7870.0,100.0
multilabel_smoke,152.99492650013417,7871.0,100.0
multilabel_smoke,153.71151980012655,7872.0,99.0
multilabel_smoke,154.43394779996015,7872.0,100.0
multilabel_smoke,155.16120480000973,7872.0,93.0
multilabel_smoke,155.88974669994786,7872.0,100.0
multilabel_smoke,156.64712390000932,7873.0,100.0
multilabel_smoke,157.3470000999514,7873.0,98.0
multilabel_smoke,158.06200499995612,7873.0,98.0
multilabel_smoke,158.78612100007012,7873.0,94.0
multilabel_smoke,159.5033245999366,7871.0,99.0
multilabel_smoke,160.2163637999911,7871.0,100.0
multilabel_smoke,160.92700000014156,7871.0,100.0
multilabel_smoke,161.64598380005918,7871.0,100.0
multilabel_smoke,162.36036280007102,7871.0,100.0
multilabel_smoke,163.06922579999082,7871.0,100.0
multilabel_smoke,163.79030350013636,7871.0,100.0
multilabel_smoke,164.49398480006494,7871.0,100.0
multilabel_smoke,165.19913060008548,7872.0,97.0
multilabel_smoke,165.92575770011172,7872.0,99.0
multilabel_smoke,166.62988200015388,7872.0,100.0
multilabel_smoke,167.3308983000461,7872.0,100.0
multilabel_smoke,168.0519057000056,7872.0,100.0
multilabel_smoke,168.75307249999605,7873.0,100.0
multilabel_smoke,169.45645790011622,7873.0,100.0
multilabel_smoke,170.18485149997286,7860.0,46.0
multilabel_smoke,170.90496479999274,7862.0,51.0
multilabel_smoke,171.63893510005437,7482.0,60.0
multilabel_smoke,172.48933260003105,7417.0,71.0
multilabel_smoke,173.32382669998333,7477.0,66.0
multilabel_smoke,174.097708000103,7580.0,54.0
multilabel_smoke,174.82893830002286,7808.0,81.0
multilabel_smoke,175.5907765000593,7845.0,84.0
multilabel_smoke,176.3408003000077,7799.0,99.0
multilabel_smoke,177.06443440006115,7799.0,99.0
multilabel_smoke,177.79186650016345,7799.0,82.0
multilabel_smoke,178.5262271000538,7812.0,98.0
multilabel_smoke,179.25247900001705,7817.0,99.0
multilabel_smoke,179.99832560005598,7820.0,99.0
multilabel_smoke,180.71705450001173,7820.0,94.0
multilabel_smoke,181.46202230011113,7820.0,87.0
multilabel_smoke,182.1773344001267,7821.0,81.0
multilabel_smoke,182.90979310008697,7821.0,83.0
multilabel_smoke,183.64676499995403,7821.0,77.0
multilabel_smoke,184.37008540006354,7821.0,81.0
multilabel_smoke,185.0843392999377,7819.0,98.0
multilabel_smoke,185.8050663000904,7823.0,85.0
multilabel_smoke,186.54773520003073,7822.0,93.0
multilabel_100_iterations,0.0,1140.0,87.0
multilabel_100_iterations,0.7033299000468105,7818.0,82.0
multilabel_100_iterations,1.4312962000258267,7768.0,100.0
multilabel_100_iterations,2.1444278000853956,7810.0,100.0
multilabel_100_iterations,2.84727120003663,7810.0,100.0
multilabel_100_iterations,3.5645011998713017,7804.0,100.0
multilabel_100_iterations,4.276783399982378,7805.0,100.0
multilabel_100_iterations,5.003426600014791,7805.0,93.0
multilabel_100_iterations,5.702507300069556,7805.0,100.0
multilabel_100_iterations,6.412658300017938,7789.0,100.0
multilabel_100_iterations,7.1219446999020875,7797.0,100.0
multilabel_100_iterations,7.849050699966028,7770.0,100.0
multilabel_100_iterations,8.561146199936047,7770.0,100.0
multilabel_100_iterations,9.279184699989855,7770.0,100.0
multilabel_100_iterations,9.987396199954674,7721.0,100.0
multilabel_100_iterations,10.704456700012088,7721.0,100.0
multilabel_100_iterations,11.408116099890321,7721.0,100.0
multilabel_100_iterations,12.11097149993293,7721.0,100.0
multilabel_100_iterations,12.815349000040442,7721.0,100.0
multilabel_100_iterations,13.533606899902225,7721.0,100.0
multilabel_100_iterations,14.242165900068358,7721.0,100.0
multilabel_100_iterations,14.953783700009808,7721.0,100.0
multilabel_100_iterations,15.667362899985164,7721.0,100.0
multilabel_100_iterations,16.377563999965787,7721.0,100.0
multilabel_100_iterations,17.087043500039726,7721.0,100.0
multilabel_100_iterations,17.807134500006214,7721.0,100.0
multilabel_100_iterations,18.522590999957174,7721.0,100.0
multilabel_100_iterations,19.241608900018036,7721.0,100.0
multilabel_100_iterations,19.95092420000583,7721.0,100.0
multilabel_100_iterations,20.67585560004227,7721.0,100.0
multilabel_100_iterations,21.395393499871716,7727.0,100.0
multilabel_100_iterations,22.11542470008135,7727.0,100.0
multilabel_100_iterations,22.842186199966818,7727.0,100.0
multilabel_100_iterations,23.55683959997259,7727.0,100.0
multilabel_100_iterations,24.286724800011143,7727.0,100.0
multilabel_100_iterations,25.006468599895015,7727.0,100.0
multilabel_100_iterations,25.720582199981436,7727.0,100.0
multilabel_100_iterations,26.438938499893993,7727.0,100.0
multilabel_100_iterations,27.164333200082183,7727.0,100.0
multilabel_100_iterations,27.888836399884894,7727.0,100.0
multilabel_100_iterations,28.600715900072828,7727.0,100.0
multilabel_100_iterations,29.304452399956062,7727.0,100.0
multilabel_100_iterations,30.020500399870798,7727.0,86.0
multilabel_100_iterations,30.736530299996957,7727.0,100.0
multilabel_100_iterations,31.482056099921465,7727.0,100.0
multilabel_100_iterations,32.20182610000484,7739.0,100.0
multilabel_100_iterations,32.922447900054976,7739.0,100.0
multilabel_100_iterations,33.63122759992257,7739.0,100.0
multilabel_100_iterations,34.35364149999805,7739.0,100.0
multilabel_100_iterations,35.081490099895746,7739.0,100.0
multilabel_100_iterations,35.79953259998001,7739.0,100.0
multilabel_100_iterations,36.53740060003474,7739.0,100.0
multilabel_100_iterations,37.27078239992261,7739.0,100.0
multilabel_100_iterations,38.00458179996349,7739.0,100.0
multilabel_100_iterations,38.732652300037444,7739.0,100.0
multilabel_100_iterations,39.43623390002176,7739.0,100.0
multilabel_100_iterations,40.14425119990483,7739.0,100.0
multilabel_100_iterations,40.876145699992776,7771.0,100.0
multilabel_100_iterations,41.583035599906,7771.0,100.0
multilabel_100_iterations,42.27494370006025,7771.0,100.0
multilabel_100_iterations,42.96883219992742,7771.0,100.0
multilabel_100_iterations,43.67862490005791,7771.0,100.0
multilabel_100_iterations,44.40022900002077,7771.0,100.0
multilabel_100_iterations,45.10874340008013,7771.0,99.0
multilabel_100_iterations,45.814962700009346,7771.0,99.0
multilabel_100_iterations,46.54445629986003,7771.0,100.0
multilabel_100_iterations,47.24577829986811,7771.0,99.0
multilabel_100_iterations,47.958847699919716,7771.0,100.0
multilabel_100_iterations,48.67415119986981,7771.0,100.0
multilabel_100_iterations,49.39889479987323,7771.0,100.0
multilabel_100_iterations,50.10789109999314,7771.0,100.0
multilabel_100_iterations,50.81611209991388,7771.0,100.0
multilabel_100_iterations,51.51757370005362,7771.0,100.0
multilabel_100_iterations,52.21985589992255,7771.0,100.0
multilabel_100_iterations,52.921696699922904,7771.0,99.0
multilabel_100_iterations,53.65085109998472,7771.0,100.0
multilabel_100_iterations,54.376801299862564,7778.0,100.0
multilabel_100_iterations,55.091174999950454,7766.0,100.0
multilabel_100_iterations,55.80566899990663,7766.0,100.0
multilabel_100_iterations,56.51986979995854,7766.0,96.0
multilabel_100_iterations,57.23372339992784,7767.0,99.0
multilabel_100_iterations,57.94465130008757,7780.0,100.0
multilabel_100_iterations,58.66526949987747,7780.0,99.0
multilabel_100_iterations,59.37568080006167,7780.0,99.0
multilabel_100_iterations,60.10287300008349,7780.0,100.0
multilabel_100_iterations,60.79859320004471,7780.0,100.0
multilabel_100_iterations,61.50362919992767,7780.0,99.0
multilabel_100_iterations,62.225161199923605,7770.0,100.0
multilabel_100_iterations,62.959026199998334,7768.0,100.0
multilabel_100_iterations,63.677706399932504,7773.0,99.0
multilabel_100_iterations,64.38501610001549,7773.0,99.0
multilabel_100_iterations,65.09579499997199,7773.0,100.0
multilabel_100_iterations,65.79914029990323,7724.0,100.0
multilabel_100_iterations,66.51754470006563,7724.0,99.0
multilabel_100_iterations,67.22803319990635,7724.0,100.0
multilabel_100_iterations,67.93952749995515,7724.0,100.0
multilabel_100_iterations,68.63886020006612,7724.0,99.0
multilabel_100_iterations,69.3577034000773,7720.0,99.0
multilabel_100_iterations,70.08286929992028,7720.0,100.0
multilabel_100_iterations,70.80042069987394,7720.0,100.0
multilabel_100_iterations,71.53717319993302,7720.0,100.0
multilabel_100_iterations,72.2601202998776,7720.0,100.0
multilabel_100_iterations,72.97561930003576,7720.0,100.0
multilabel_100_iterations,73.69045950006694,7720.0,100.0
multilabel_100_iterations,74.41974329994991,7721.0,100.0
multilabel_100_iterations,75.13527720002457,7718.0,100.0
multilabel_100_iterations,75.86421600007452,7718.0,100.0
multilabel_100_iterations,76.56878599990159,7718.0,100.0
multilabel_100_iterations,77.29477589996532,7719.0,100.0
multilabel_100_iterations,78.00353170000017,7719.0,100.0
multilabel_100_iterations,78.7118806000799,7719.0,99.0
multilabel_100_iterations,79.40903660003096,7719.0,100.0
multilabel_100_iterations,80.11506640003063,7719.0,100.0
multilabel_100_iterations,80.83222600002773,7719.0,100.0
multilabel_100_iterations,81.53913869988173,7782.0,100.0
multilabel_100_iterations,82.2372139999643,7782.0,84.0
multilabel_100_iterations,82.95411169994622,7782.0,89.0
multilabel_100_iterations,83.67304029990919,7782.0,100.0
multilabel_100_iterations,84.38762639998458,7782.0,100.0
multilabel_100_iterations,85.09757069987245,7782.0,99.0
multilabel_100_iterations,85.80905540008098,7782.0,99.0
multilabel_100_iterations,86.53244169987738,7782.0,100.0
multilabel_100_iterations,87.25111129996367,7782.0,99.0
multilabel_100_iterations,87.95662839990109,7782.0,95.0
multilabel_100_iterations,88.6752237000037,7782.0,100.0
multilabel_100_iterations,89.37635189993307,7782.0,100.0
multilabel_100_iterations,90.09659620001912,7784.0,99.0
multilabel_100_iterations,90.8128662998788,7784.0,100.0
multilabel_100_iterations,91.52288020006381,7784.0,88.0
multilabel_100_iterations,92.24053319985978,7784.0,100.0
multilabel_100_iterations,92.96894669998437,7783.0,99.0
multilabel_100_iterations,93.68062480003573,7783.0,99.0
multilabel_100_iterations,94.37817759998143,7783.0,100.0
multilabel_100_iterations,95.09659500000998,7783.0,100.0
multilabel_100_iterations,95.81807809998281,7731.0,100.0
multilabel_100_iterations,96.52963300002739,7771.0,100.0
multilabel_100_iterations,97.23950039991178,7771.0,100.0
multilabel_100_iterations,97.95608490006998,7787.0,100.0
multilabel_100_iterations,98.67388030001894,7787.0,100.0
multilabel_100_iterations,99.39141749986447,7787.0,99.0
multilabel_100_iterations,100.11447590007447,7787.0,100.0
multilabel_100_iterations,100.81622179993428,7787.0,100.0
multilabel_100_iterations,101.53257229994051,7787.0,99.0
multilabel_100_iterations,102.25626190006733,7787.0,100.0
multilabel_100_iterations,102.97514529991895,7787.0,100.0
multilabel_100_iterations,103.69793349993415,7787.0,100.0
multilabel_100_iterations,104.39544999995269,7765.0,99.0
multilabel_100_iterations,105.10768110002391,7765.0,100.0
multilabel_100_iterations,105.82376999990083,7765.0,100.0
multilabel_100_iterations,106.53506870009005,7765.0,100.0
multilabel_100_iterations,107.25369410007261,7765.0,100.0
multilabel_100_iterations,107.95875260001048,7780.0,100.0
multilabel_100_iterations,108.66671660006978,7780.0,99.0
multilabel_100_iterations,109.37987449998036,7780.0,83.0
multilabel_100_iterations,110.09173669992015,7780.0,85.0
multilabel_100_iterations,110.79928070004098,7780.0,80.0
multilabel_100_iterations,111.51044699992053,7780.0,98.0
multilabel_100_iterations,112.22894659987651,7780.0,84.0
multilabel_100_iterations,112.95543329999782,7780.0,84.0
multilabel_100_iterations,113.6705100000836,7780.0,81.0
multilabel_100_iterations,114.383528099861,7780.0,81.0
multilabel_100_iterations,115.10612059989944,7780.0,93.0
multilabel_100_iterations,115.83403959986754,7787.0,93.0
multilabel_100_iterations,116.54820699989796,7780.0,98.0
multilabel_100_iterations,117.26960360002704,7780.0,85.0
multilabel_100_iterations,117.97915200004354,7780.0,97.0
multilabel_100_iterations,118.70653810002841,7780.0,81.0
multilabel_100_iterations,119.42563439998776,7780.0,83.0
multilabel_100_iterations,120.13695299997926,7780.0,98.0
multilabel_100_iterations,120.84328730008565,7780.0,80.0
multilabel_100_iterations,121.55888370005414,7780.0,80.0
multilabel_100_iterations,122.26798880007118,7780.0,79.0
multilabel_100_iterations,123.00957729993388,7780.0,81.0
multilabel_100_iterations,123.73873099987395,7780.0,81.0
multilabel_100_iterations,124.44336470006965,7780.0,80.0
multilabel_100_iterations,125.16338789998554,7780.0,97.0
multilabel_100_iterations,125.86324630002491,7780.0,78.0
multilabel_100_iterations,126.60218430007808,7780.0,80.0
multilabel_100_iterations,127.3218854998704,7780.0,82.0
multilabel_100_iterations,128.05003160005435,7780.0,96.0
multilabel_100_iterations,128.7719564998988,7780.0,98.0
multilabel_100_iterations,129.4920069000218,7780.0,98.0
multilabel_100_iterations,130.21375619992614,7780.0,81.0
multilabel_100_iterations,130.94061059993692,7780.0,90.0
multilabel_100_iterations,131.65157860005274,7777.0,85.0
multilabel_100_iterations,132.37518700002693,7777.0,83.0
multilabel_100_iterations,133.0987613000907,7777.0,80.0
multilabel_100_iterations,133.81642549997196,7777.0,84.0
multilabel_100_iterations,134.537356399931,7786.0,99.0
multilabel_100_iterations,135.26524219987914,7786.0,78.0
multilabel_100_iterations,135.9749195999466,7786.0,98.0
multilabel_100_iterations,136.69363790005445,7782.0,90.0
multilabel_100_iterations,137.4236792998854,7782.0,88.0
multilabel_100_iterations,138.13090829993598,7782.0,82.0
multilabel_100_iterations,138.8936260000337,7782.0,81.0
multilabel_100_iterations,139.62649639998563,7782.0,97.0
multilabel_100_iterations,140.35510300006717,7782.0,85.0
multilabel_100_iterations,141.06454410008155,7782.0,98.0
multilabel_100_iterations,141.77004279987887,7782.0,94.0
multilabel_100_iterations,142.49550259998068,7782.0,98.0
multilabel_100_iterations,143.20439159986563,7782.0,82.0
multilabel_100_iterations,143.92605839995667,7782.0,79.0
multilabel_100_iterations,144.6535718999803,7782.0,82.0
multilabel_100_iterations,145.378249600064,7782.0,81.0
multilabel_100_iterations,146.09809520002455,7782.0,81.0
multilabel_100_iterations,146.82202219986357,7782.0,81.0
multilabel_100_iterations,147.53451190004125,7782.0,74.0
multilabel_100_iterations,148.2547474000603,7782.0,82.0
multilabel_100_iterations,148.96992569998838,7782.0,84.0
multilabel_100_iterations,149.91733550000936,7782.0,72.0
multilabel_100_iterations,150.60643579997122,7782.0,90.0
multilabel_100_iterations,151.36660449998453,7782.0,86.0
multilabel_100_iterations,152.08426359994337,7784.0,89.0
multilabel_100_iterations,152.78315329994075,7784.0,84.0
multilabel_100_iterations,153.50802710000426,7784.0,99.0
multilabel_100_iterations,154.33455740008503,7784.0,94.0
multilabel_100_iterations,155.15044869994745,7784.0,85.0
multilabel_100_iterations,156.07667519990355,7784.0,60.0
multilabel_100_iterations,156.7686216000002,7784.0,92.0
multilabel_100_iterations,157.4426599999424,7784.0,82.0
multilabel_100_iterations,158.12661099992692,7784.0,85.0
multilabel_100_iterations,158.80594270001166,7784.0,85.0
multilabel_100_iterations,159.48648820002563,7784.0,99.0
multilabel_100_iterations,160.1954437000677,7784.0,82.0
multilabel_100_iterations,160.94672070001252,7784.0,76.0
multilabel_100_iterations,161.67712979996577,7784.0,90.0
multilabel_100_iterations,162.3945534999948,7784.0,94.0
multilabel_100_iterations,163.1157366000116,7785.0,74.0
multilabel_100_iterations,163.85678729997016,7787.0,62.0
multilabel_100_iterations,164.60646989988163,7398.0,73.0
multilabel_100_iterations,165.414269000059,7227.0,49.0
multilabel_100_iterations,166.19747040001675,7275.0,65.0
multilabel_100_iterations,167.1515166000463,7330.0,83.0
multilabel_100_iterations,167.90295649995096,7757.0,97.0
multilabel_100_iterations,168.63542599999346,7757.0,95.0
multilabel_100_iterations,169.36401559994556,7757.0,90.0
multilabel_100_iterations,170.0768915999215,7757.0,90.0
multilabel_100_iterations,170.81163570005447,7757.0,84.0
multilabel_100_iterations,171.54364360007457,7757.0,82.0
multilabel_100_iterations,172.26896109990776,7762.0,58.0
multilabel_100_iterations,173.0809502999764,7758.0,69.0
multilabel_100_iterations,173.79674319992773,7717.0,69.0
multilabel_100_iterations,174.71015210007317,7557.0,77.0
multilabel_100_iterations,175.44405389996246,7748.0,81.0
multilabel_100_iterations,176.19429880008101,7749.0,76.0
multilabel_100_iterations,176.93031860003248,7749.0,75.0
multilabel_100_iterations,177.6644188000355,7749.0,68.0
multilabel_100_iterations,178.38183099986054,7749.0,72.0
multilabel_100_iterations,179.09988670004532,7749.0,76.0
multilabel_100_iterations,179.82919519999996,7749.0,75.0
multilabel_100_iterations,180.54359239991754,7749.0,78.0
multilabel_100_iterations,181.2818557000719,7749.0,76.0
multilabel_100_iterations,182.0129350000061,7749.0,76.0
multilabel_100_iterations,182.73199460003525,7749.0,82.0
multilabel_100_iterations,183.44555639987811,7749.0,79.0
multilabel_100_iterations,184.1749144999776,7749.0,70.0
multilabel_100_iterations,184.9423251999542,7749.0,80.0
multilabel_100_iterations,185.66295549995266,7749.0,78.0
multilabel_100_iterations,186.40055690007284,7759.0,86.0
multilabel_100_iterations,187.1282722998876,7703.0,81.0
multilabel_100_iterations,187.85535479988903,7718.0,89.0
multilabel_100_iterations,188.56817149999551,7720.0,80.0
multilabel_100_iterations,189.295091799926,7720.0,97.0
multilabel_100_iterations,190.0200795000419,7720.0,97.0
multilabel_100_iterations,190.73562829988077,7720.0,97.0
multilabel_100_iterations,191.45597480004653,7720.0,98.0
multilabel_100_iterations,192.17449570004828,7735.0,87.0
multilabel_100_iterations,192.88925720006227,7725.0,99.0
multilabel_100_iterations,193.61798759992234,7728.0,90.0
multilabel_100_iterations,194.3272512999829,7738.0,100.0
multilabel_100_iterations,195.04201669991016,7738.0,100.0
multilabel_100_iterations,195.7608374999836,7738.0,100.0
multilabel_100_iterations,196.47398909996264,7738.0,95.0
multilabel_100_iterations,197.20989160006866,7745.0,96.0
multilabel_100_iterations,197.91616969997995,7751.0,96.0
multilabel_100_iterations,198.62765779998153,7769.0,100.0
multilabel_100_iterations,199.34264250006527,7769.0,88.0
multilabel_100_iterations,200.08057109988295,7763.0,88.0
multilabel_100_iterations,200.80763659998775,7763.0,89.0
multilabel_100_iterations,201.53429759992287,7763.0,98.0
multilabel_100_iterations,202.2595889000222,7774.0,97.0
multilabel_100_iterations,202.97412210004404,7776.0,86.0
multilabel_100_iterations,203.69834199990146,7776.0,85.0
multilabel_100_iterations,204.42231209995225,7776.0,84.0
multilabel_100_iterations,205.14562349999323,7775.0,92.0
multilabel_100_iterations,205.85553749999963,7775.0,90.0
multilabel_100_iterations,206.58654420007952,7775.0,85.0
multilabel_100_iterations,207.30865400005132,7775.0,84.0
multilabel_100_iterations,208.0148430999834,7775.0,82.0
multilabel_100_iterations,208.73014650004916,7775.0,98.0
multilabel_100_iterations,209.4534022998996,7777.0,89.0
multilabel_100_iterations,210.16083969990723,7742.0,79.0
multilabel_100_iterations,210.88250120007433,7742.0,82.0
multilabel_100_iterations,211.59969739988446,7742.0,82.0
multilabel_100_iterations,212.31479809992015,7742.0,80.0
multilabel_100_iterations,213.03812010004185,7740.0,85.0
multilabel_100_iterations,213.7594087999314,7740.0,97.0
multilabel_100_iterations,214.4830181999132,7741.0,99.0
multilabel_100_iterations,215.2120288000442,7741.0,88.0
multilabel_100_iterations,215.9299395000562,7742.0,84.0
multilabel_100_iterations,216.65903629991226,7742.0,98.0
multilabel_100_iterations,217.3769495000597,7742.0,98.0
multilabel_100_iterations,218.09738960000686,7782.0,87.0
multilabel_100_iterations,218.81762519991025,7782.0,86.0
multilabel_100_iterations,219.54388209991157,7782.0,98.0
multilabel_100_iterations,220.28573919995688,7782.0,83.0
multilabel_100_iterations,221.00409339996986,7784.0,92.0
multilabel_100_iterations,221.72792720003054,7784.0,86.0
multilabel_100_iterations,222.44658969994634,7781.0,91.0
multilabel_100_iterations,223.18623290001415,7732.0,94.0
multilabel_100_iterations,223.91325740003958,7731.0,91.0
multilabel_100_iterations,224.64312779996544,7776.0,82.0
multilabel_100_iterations,225.37143529998139,7780.0,97.0
multilabel_100_iterations,226.10304199997336,7780.0,85.0
multilabel_100_iterations,226.81478270003572,7782.0,85.0
multilabel_100_iterations,227.54136330005713,7783.0,97.0
multilabel_100_iterations,228.27446429990232,7783.0,80.0
multilabel_100_iterations,229.0049171000719,7784.0,85.0
multilabel_100_iterations,229.7259412999265,7784.0,84.0
multilabel_100_iterations,230.45798689988442,7784.0,98.0
multilabel_100_iterations,231.18973629991524,7735.0,89.0
multilabel_100_iterations,231.90283440006897,7783.0,87.0
multilabel_100_iterations,232.62090309988707,7783.0,76.0
multilabel_100_iterations,233.35241340007633,7783.0,99.0
multilabel_100_iterations,234.08306239987724,7733.0,99.0
multilabel_100_iterations,234.79509390005842,7733.0,98.0
multilabel_100_iterations,235.5132764999289,7741.0,83.0
multilabel_100_iterations,236.2307213000022,7741.0,98.0
multilabel_100_iterations,236.94527720008045,7742.0,98.0
multilabel_100_iterations,237.67842989997007,7742.0,84.0
multilabel_100_iterations,238.39399289991707,7782.0,81.0
multilabel_100_iterations,239.1184509000741,7782.0,98.0
multilabel_100_iterations,239.8434516999405,7782.0,80.0
multilabel_100_iterations,240.58882860001177,7782.0,98.0
multilabel_100_iterations,241.31983190006576,7733.0,98.0
multilabel_100_iterations,242.04536879993975,7733.0,82.0
multilabel_100_iterations,242.7754635999445,7742.0,80.0
multilabel_100_iterations,243.49063339992426,7742.0,98.0
multilabel_100_iterations,244.20813610008918,7742.0,98.0
multilabel_100_iterations,244.92243919987231,7742.0,84.0
multilabel_100_iterations,245.65383419999853,7742.0,76.0
multilabel_100_iterations,246.3811697999481,7741.0,82.0
multilabel_100_iterations,247.1114399000071,7741.0,98.0
multilabel_100_iterations,247.848253400065,7741.0,98.0
multilabel_100_iterations,248.57110189995728,7739.0,83.0
multilabel_100_iterations,249.29395850002766,7740.0,98.0
multilabel_100_iterations,250.04661309998482,7740.0,84.0
multilabel_100_iterations,250.78700489993207,7740.0,98.0
multilabel_100_iterations,251.50396539992653,7740.0,97.0
multilabel_100_iterations,252.22751530003734,7740.0,98.0
multilabel_100_iterations,252.93267509993166,7740.0,99.0
multilabel_100_iterations,253.67135119996965,7740.0,93.0
multilabel_100_iterations,254.39008769998327,7740.0,86.0
multilabel_100_iterations,255.10764689999633,7740.0,84.0
multilabel_100_iterations,255.83071339991875,7789.0,93.0
multilabel_100_iterations,256.5430983998813,7789.0,99.0
multilabel_100_iterations,257.2549371998757,7789.0,90.0
multilabel_100_iterations,257.9790954000782,7791.0,93.0
multilabel_100_iterations,258.7047351000365,7792.0,88.0
multilabel_100_iterations,259.4383509999607,7792.0,98.0
multilabel_100_iterations,260.15565249999054,7792.0,88.0
multilabel_100_iterations,260.87598180002533,7792.0,83.0
multilabel_100_iterations,261.58984489995055,7791.0,92.0
multilabel_100_iterations,262.3290247998666,7742.0,95.0
multilabel_100_iterations,263.06706819985993,7790.0,91.0
multilabel_100_iterations,263.78796119987965,7741.0,93.0
multilabel_100_iterations,264.5048746999819,7742.0,84.0
multilabel_100_iterations,265.2256129998714,7742.0,99.0
multilabel_100_iterations,265.94489319995046,7742.0,91.0
multilabel_100_iterations,266.67257450008765,7742.0,85.0
multilabel_100_iterations,267.40526130003855,7742.0,85.0
multilabel_100_iterations,268.1391251999885,7741.0,78.0
multilabel_100_iterations,268.85206429986283,7790.0,98.0
multilabel_100_iterations,269.5909547000192,7790.0,97.0
multilabel_100_iterations,270.32758679986,7741.0,84.0
multilabel_100_iterations,271.08317500003614,7743.0,82.0
multilabel_100_iterations,271.8006345999893,7741.0,98.0
multilabel_100_iterations,272.53031149995513,7748.0,87.0
multilabel_100_iterations,273.2417476999108,7748.0,85.0
multilabel_100_iterations,273.9549497999251,7756.0,89.0
multilabel_100_iterations,274.6944387999829,7730.0,80.0
multilabel_100_iterations,275.4167363999877,7731.0,82.0
multilabel_100_iterations,276.1314799999818,7731.0,90.0
multilabel_100_iterations,276.84627009998076,7731.0,85.0
multilabel_100_iterations,277.5762974000536,7731.0,89.0
multilabel_100_iterations,278.30222740001045,7733.0,87.0
multilabel_100_iterations,279.03053009998985,7733.0,82.0
multilabel_100_iterations,279.74513350008056,7733.0,84.0
multilabel_100_iterations,280.4835810000077,7733.0,92.0
multilabel_100_iterations,281.2082277000882,7733.0,87.0
multilabel_100_iterations,281.9232765000779,7733.0,81.0
multilabel_100_iterations,282.66045650001615,7733.0,91.0
multilabel_100_iterations,283.39031050004996,7733.0,92.0
multilabel_100_iterations,284.1320779998787,7733.0,87.0
multilabel_100_iterations,284.8634834999684,7748.0,82.0
multilabel_100_iterations,285.5906191000249,7748.0,92.0
multilabel_100_iterations,286.3120649999473,7748.0,85.0
multilabel_100_iterations,287.0248318000231,7748.0,83.0
multilabel_100_iterations,287.753664100077,7749.0,84.0
multilabel_100_iterations,288.493692799937,7749.0,83.0
multilabel_100_iterations,289.2313685999252,7749.0,95.0
multilabel_100_iterations,289.9728427999653,7749.0,89.0
multilabel_100_iterations,290.69504639995284,7749.0,98.0
multilabel_100_iterations,291.41591969993897,7749.0,81.0
multilabel_100_iterations,292.1518647999037,7749.0,97.0
multilabel_100_iterations,292.88429279997945,7783.0,82.0
multilabel_100_iterations,293.61344169988297,7734.0,84.0
multilabel_100_iterations,294.3463337998837,7734.0,87.0
multilabel_100_iterations,295.0685185000766,7737.0,82.0
multilabel_100_iterations,295.78533210000023,7737.0,91.0
multilabel_100_iterations,296.516352100065,7737.0,91.0
multilabel_100_iterations,297.2469649000559,7752.0,86.0
multilabel_100_iterations,297.9719769998919,7752.0,92.0
multilabel_100_iterations,298.6905016999226,7752.0,78.0
multilabel_100_iterations,299.4213715000078,7752.0,84.0
multilabel_100_iterations,300.1532036000863,7752.0,90.0
multilabel_100_iterations,300.8700295998715,7752.0,85.0
multilabel_100_iterations,301.5863373999018,7737.0,90.0
multilabel_100_iterations,302.3126246999018,7737.0,80.0
multilabel_100_iterations,303.0417977999896,7737.0,97.0
multilabel_100_iterations,303.7603710000403,7737.0,86.0
multilabel_100_iterations,304.4939162998926,7752.0,97.0
multilabel_100_iterations,305.2385484999977,7752.0,81.0
multilabel_100_iterations,305.95549269998446,7752.0,81.0
multilabel_100_iterations,306.6783380000852,7752.0,89.0
multilabel_100_iterations,307.3940248999279,7752.0,90.0
multilabel_100_iterations,308.1395181999542,7752.0,82.0
multilabel_100_iterations,308.86463209986687,7752.0,84.0
multilabel_100_iterations,309.58670169999823,7752.0,81.0
multilabel_100_iterations,310.30593409994617,7752.0,94.0
multilabel_100_iterations,311.02077120007016,7752.0,92.0
multilabel_100_iterations,311.7567668999545,7752.0,80.0
multilabel_100_iterations,312.48302250006236,7752.0,83.0
multilabel_100_iterations,313.1951108998619,7752.0,97.0
multilabel_100_iterations,313.9025532999076,7752.0,83.0
multilabel_100_iterations,314.6352353999391,7752.0,97.0
multilabel_100_iterations,315.3612323999405,7752.0,97.0
multilabel_100_iterations,316.08858949993737,7752.0,86.0
multilabel_100_iterations,316.8144441000186,7752.0,87.0
multilabel_100_iterations,317.53076220001094,7752.0,79.0
multilabel_100_iterations,318.262542600045,7752.0,91.0
multilabel_100_iterations,318.9863006998785,7752.0,86.0
multilabel_100_iterations,319.7025160000194,7752.0,98.0
multilabel_100_iterations,320.4295022999868,7752.0,97.0
multilabel_100_iterations,321.15710620000027,7752.0,86.0
multilabel_100_iterations,321.878637699876,7752.0,85.0
multilabel_100_iterations,322.62115440005437,7752.0,98.0
multilabel_100_iterations,323.376949199941,7752.0,94.0
multilabel_100_iterations,324.0985224999022,7752.0,86.0
multilabel_100_iterations,324.82936209999025,7752.0,82.0
multilabel_100_iterations,325.55216820002533,7752.0,87.0
multilabel_100_iterations,326.2657709000632,7752.0,87.0
multilabel_100_iterations,326.98875999986194,7752.0,83.0
multilabel_100_iterations,327.7235737000592,7752.0,83.0
multilabel_100_iterations,328.4599899998866,7786.0,98.0
multilabel_100_iterations,329.176235599909,7786.0,81.0
multilabel_100_iterations,329.92326009995304,7737.0,81.0
multilabel_100_iterations,330.64855540008284,7752.0,97.0
multilabel_100_iterations,331.3850034000352,7752.0,92.0
multilabel_100_iterations,332.1036312999204,7752.0,86.0
multilabel_100_iterations,332.8266400999855,7752.0,88.0
multilabel_100_iterations,333.54656370007433,7752.0,90.0
multilabel_100_iterations,334.255146499956,7752.0,86.0
multilabel_100_iterations,334.9801638000645,7786.0,90.0
multilabel_100_iterations,335.7229871999007,7737.0,97.0
multilabel_100_iterations,336.4557238998823,7737.0,94.0
multilabel_100_iterations,337.17488029995,7738.0,86.0
multilabel_100_iterations,337.89206159999594,7738.0,89.0
multilabel_100_iterations,338.6394523999188,7738.0,83.0
multilabel_100_iterations,339.35850239987485,7738.0,92.0
multilabel_100_iterations,340.07836699998006,7738.0,72.0
multilabel_100_iterations,340.81019219988957,7738.0,85.0
multilabel_100_iterations,341.52495920006186,7737.0,86.0
multilabel_100_iterations,342.2481714999303,7737.0,83.0
multilabel_100_iterations,342.9685529000126,7737.0,89.0
multilabel_100_iterations,343.704668099992,7737.0,82.0
multilabel_100_iterations,344.4287320000585,7786.0,98.0
multilabel_100_iterations,345.1459435999859,7737.0,80.0
multilabel_100_iterations,345.86511550005525,7737.0,81.0
multilabel_100_iterations,346.5915814000182,7737.0,81.0
multilabel_100_iterations,347.3082790998742,7737.0,82.0
multilabel_100_iterations,348.02504009986296,7737.0,85.0
multilabel_100_iterations,348.7415879999753,7752.0,95.0
multilabel_100_iterations,349.4696883999277,7752.0,98.0
multilabel_100_iterations,350.21021319995634,7752.0,99.0
multilabel_100_iterations,350.93526840000413,7752.0,98.0
multilabel_100_iterations,351.6529248000588,7752.0,85.0
multilabel_100_iterations,352.3710849999916,7752.0,97.0
multilabel_100_iterations,353.093457599869,7752.0,84.0
multilabel_100_iterations,353.82624289998785,7752.0,91.0
multilabel_100_iterations,354.55886400002055,7752.0,82.0
multilabel_100_iterations,355.2897616000846,7786.0,83.0
multilabel_100_iterations,356.0012509999797,7752.0,83.0
multilabel_100_iterations,356.7128057000227,7752.0,81.0
multilabel_100_iterations,357.4416696000844,7752.0,96.0
multilabel_100_iterations,358.16725170006976,7752.0,86.0
multilabel_100_iterations,358.894455099944,7752.0,82.0
multilabel_100_iterations,359.6186599000357,7753.0,81.0
multilabel_100_iterations,360.33446729998104,7753.0,82.0
multilabel_100_iterations,361.0596169999335,7753.0,86.0
multilabel_100_iterations,361.7768939000089,7753.0,79.0
multilabel_100_iterations,362.48783640004694,7753.0,79.0
multilabel_100_iterations,363.21164939994924,7753.0,90.0
multilabel_100_iterations,363.94770499994047,7786.0,81.0
multilabel_100_iterations,364.69581529987045,7749.0,91.0
multilabel_100_iterations,365.42787109990604,7749.0,96.0
multilabel_100_iterations,366.1519412000198,7749.0,89.0
multilabel_100_iterations,366.86054560006596,7749.0,91.0
multilabel_100_iterations,367.5965118999593,7752.0,94.0
multilabel_100_iterations,368.3177183000371,7753.0,80.0
multilabel_100_iterations,369.05916900001466,7753.0,84.0
multilabel_100_iterations,369.8073231000453,7753.0,93.0
multilabel_100_iterations,370.53220009990036,7753.0,86.0
multilabel_100_iterations,371.24911889992654,7738.0,72.0
multilabel_100_iterations,371.96794879995286,7753.0,98.0
multilabel_100_iterations,372.67796660005115,7753.0,98.0
multilabel_100_iterations,373.40085410000756,7753.0,92.0
multilabel_100_iterations,374.10825919988565,7753.0,93.0
multilabel_100_iterations,374.82817950006574,7753.0,78.0
multilabel_100_iterations,375.5612844999414,7753.0,96.0
multilabel_100_iterations,376.300824200036,7753.0,97.0
multilabel_100_iterations,377.0270096999593,7753.0,87.0
multilabel_100_iterations,377.75449209986255,7753.0,83.0
multilabel_100_iterations,378.49869899987243,7753.0,97.0
multilabel_100_iterations,379.26019160007127,7753.0,94.0
multilabel_100_iterations,380.0078731998801,7753.0,92.0
multilabel_100_iterations,380.72551369993016,7753.0,83.0
multilabel_100_iterations,381.4595534999389,7753.0,78.0
multilabel_100_iterations,382.2052416000515,7753.0,86.0
multilabel_100_iterations,382.9268090999685,7753.0,78.0
multilabel_100_iterations,383.6454113998916,7790.0,83.0
multilabel_100_iterations,384.3768378000241,7790.0,90.0
multilabel_100_iterations,385.1332779999357,7790.0,83.0
multilabel_100_iterations,385.87878139992245,7753.0,81.0
multilabel_100_iterations,386.60040659992956,7753.0,82.0
multilabel_100_iterations,387.32521849987097,7753.0,82.0
multilabel_100_iterations,388.0503926000092,7753.0,81.0
multilabel_100_iterations,388.76916159992106,7790.0,83.0
multilabel_100_iterations,389.48530289996415,7790.0,95.0
multilabel_100_iterations,390.2000770000741,7790.0,91.0
multilabel_100_iterations,390.92118260008283,7790.0,98.0
multilabel_100_iterations,391.6375478000846,7790.0,88.0
multilabel_100_iterations,392.35958190006204,7790.0,91.0
multilabel_100_iterations,393.08638469991274,7790.0,86.0
multilabel_100_iterations,393.80509299994446,7790.0,81.0
multilabel_100_iterations,394.53015420003794,7790.0,84.0
multilabel_100_iterations,395.2510436999146,7790.0,88.0
multilabel_100_iterations,395.971753800055,7790.0,84.0
multilabel_100_iterations,396.70861679990776,7790.0,84.0
multilabel_100_iterations,397.4289100000169,7790.0,83.0
multilabel_100_iterations,398.1431638998911,7790.0,83.0
multilabel_100_iterations,398.86304460000247,7790.0,82.0
multilabel_100_iterations,399.58707259991206,7790.0,84.0
multilabel_100_iterations,400.319060199894,7790.0,79.0
multilabel_100_iterations,401.03481149999425,7790.0,81.0
multilabel_100_iterations,401.7492169998586,7790.0,84.0
multilabel_100_iterations,402.48434640001506,7741.0,78.0
multilabel_100_iterations,403.23648349987343,7738.0,84.0
multilabel_100_iterations,403.9848326998763,7753.0,78.0
multilabel_100_iterations,404.72267060005106,7753.0,85.0
multilabel_100_iterations,405.4431193000637,7753.0,85.0
multilabel_100_iterations,406.1743679998908,7753.0,86.0
multilabel_100_iterations,406.8976962000597,7753.0,84.0
multilabel_100_iterations,407.6236089998856,7753.0,84.0
multilabel_100_iterations,408.345723999897,7753.0,97.0
multilabel_100_iterations,409.082353200065,7753.0,83.0
multilabel_100_iterations,409.81125260004774,7753.0,89.0
multilabel_100_iterations,410.5521905000787,7753.0,83.0
multilabel_100_iterations,411.2754480999429,7753.0,82.0
multilabel_100_iterations,412.0032454999164,7753.0,97.0
multilabel_100_iterations,412.72044609999284,7753.0,73.0
multilabel_100_iterations,413.43499520001933,7790.0,84.0
multilabel_100_iterations,414.15415799990296,7790.0,82.0
multilabel_100_iterations,414.8731781998649,7790.0,84.0
multilabel_100_iterations,415.6000641998835,7790.0,93.0
multilabel_100_iterations,416.3398072998971,7741.0,20.0
multilabel_100_iterations,417.0478510998655,7741.0,84.0
multilabel_100_iterations,417.7806287999265,7741.0,81.0
multilabel_100_iterations,418.5138435000554,7741.0,82.0
multilabel_100_iterations,419.24821830005385,7753.0,89.0
multilabel_100_iterations,419.973577799974,7753.0,97.0
multilabel_100_iterations,420.698365499964,7753.0,77.0
multilabel_100_iterations,421.4139687998686,7753.0,84.0
multilabel_100_iterations,422.12962849996984,7753.0,98.0
multilabel_100_iterations,422.8615566000808,7753.0,81.0
multilabel_100_iterations,423.5987384999171,7753.0,80.0
multilabel_100_iterations,424.34106009989046,7753.0,96.0
multilabel_100_iterations,425.0771208999213,7753.0,96.0
multilabel_100_iterations,425.82054929994047,7753.0,95.0
multilabel_100_iterations,426.56127379997633,7753.0,81.0
multilabel_100_iterations,427.2804832998663,7753.0,82.0
multilabel_100_iterations,427.9981156999711,7790.0,98.0
multilabel_100_iterations,428.70383249991573,7790.0,98.0
multilabel_100_iterations,429.42256750003435,7790.0,93.0
multilabel_100_iterations,430.15469100000337,7790.0,92.0
multilabel_100_iterations,430.87249849992804,7790.0,80.0
multilabel_100_iterations,431.6138651999645,7790.0,96.0
multilabel_100_iterations,432.3371639000252,7741.0,87.0
multilabel_100_iterations,433.06670619989745,7753.0,97.0
multilabel_100_iterations,433.78562909993343,7753.0,94.0
multilabel_100_iterations,434.50625089998357,7753.0,80.0
multilabel_100_iterations,435.24790049996227,7753.0,86.0
multilabel_100_iterations,435.958134500077,7753.0,90.0
multilabel_100_iterations,436.6690491999034,7753.0,98.0
multilabel_100_iterations,437.38732280000113,7753.0,91.0
multilabel_100_iterations,438.12161680008285,7753.0,92.0
multilabel_100_iterations,438.84557290002704,7753.0,95.0
multilabel_100_iterations,439.5852258000523,7753.0,98.0
multilabel_100_iterations,440.30762289999984,7753.0,95.0
multilabel_100_iterations,441.02507880004123,7753.0,98.0
multilabel_100_iterations,441.77321440004744,7753.0,95.0
multilabel_100_iterations,442.49582009995356,7753.0,79.0
multilabel_100_iterations,443.2176630999893,7753.0,83.0
multilabel_100_iterations,443.9515037999954,7753.0,88.0
multilabel_100_iterations,444.6822992998641,7753.0,93.0
multilabel_100_iterations,445.39685870008543,7753.0,97.0
multilabel_100_iterations,446.1457388000563,7790.0,98.0
multilabel_100_iterations,446.8701281999238,7790.0,83.0
multilabel_100_iterations,447.6090522999875,7790.0,83.0
multilabel_100_iterations,448.3407644999679,7790.0,82.0
multilabel_100_iterations,449.0673108000774,7790.0,78.0
multilabel_100_iterations,449.77711410005577,7790.0,80.0
multilabel_100_iterations,450.5052302000113,7790.0,91.0
multilabel_100_iterations,451.229163199896,7790.0,97.0
multilabel_100_iterations,451.9128336000722,7790.0,87.0
multilabel_100_iterations,452.650719499914,7800.0,98.0
multilabel_100_iterations,453.37206720001996,7800.0,84.0
multilabel_100_iterations,454.0927194999531,7800.0,85.0
multilabel_100_iterations,454.81372259999625,7800.0,82.0
multilabel_100_iterations,455.5443533998914,7800.0,82.0
multilabel_100_iterations,456.27314419997856,7800.0,85.0
multilabel_100_iterations,456.9938441000413,7800.0,79.0
multilabel_100_iterations,457.71641690004617,7800.0,88.0
multilabel_100_iterations,458.44712810008787,7800.0,83.0
multilabel_100_iterations,459.16739519988187,7800.0,98.0
multilabel_100_iterations,459.88613180001266,7800.0,84.0
multilabel_100_iterations,460.66142389993183,7794.0,84.0
multilabel_100_iterations,461.3776147000026,7751.0,87.0
multilabel_100_iterations,462.1280322999228,7751.0,87.0
multilabel_100_iterations,462.84670270001516,7751.0,98.0
multilabel_100_iterations,463.5765913000796,7751.0,96.0
multilabel_100_iterations,464.2950359999668,7779.0,96.0
multilabel_100_iterations,465.0147480000742,7779.0,84.0
multilabel_100_iterations,465.7438010999467,7771.0,86.0
multilabel_100_iterations,466.465543899918,7771.0,97.0
multilabel_100_iterations,467.1945891000796,7771.0,83.0
multilabel_100_iterations,467.92075169994496,7771.0,90.0
multilabel_100_iterations,468.64868599991314,7771.0,97.0
multilabel_100_iterations,469.3707035998814,7775.0,81.0
multilabel_100_iterations,470.10406549996696,7775.0,97.0
multilabel_100_iterations,470.82453499990515,7784.0,76.0
multilabel_100_iterations,471.5425710999407,7784.0,88.0
multilabel_100_iterations,472.28276029997505,7784.0,56.0
multilabel_100_iterations,473.00090619991533,7429.0,69.0
multilabel_100_iterations,473.70444149989635,7026.0,63.0
multilabel_100_iterations,474.42988099996,6943.0,81.0
multilabel_100_iterations,475.1141434998717,6943.0,82.0
multilabel_100_iterations,475.8060669999104,6943.0,80.0
multilabel_100_iterations,476.51545100007206,6943.0,70.0
multilabel_100_iterations,477.25042849988677,6943.0,66.0
multilabel_100_iterations,477.9461024000775,7007.0,79.0
multilabel_100_iterations,478.66455599991605,7007.0,77.0
multilabel_100_iterations,479.37406499986537,7007.0,79.0
multilabel_100_iterations,480.109750200063,7007.0,80.0
multilabel_100_iterations,480.8235275999177,7007.0,80.0
multilabel_100_iterations,481.54823389998637,7007.0,64.0
multilabel_100_iterations,482.26601890008897,7007.0,81.0
multilabel_100_iterations,482.97375779994763,7007.0,79.0
multilabel_100_iterations,483.699104399886,7007.0,79.0
multilabel_100_iterations,484.408655700041,7007.0,77.0
multilabel_100_iterations,485.1181711999234,7007.0,78.0
multilabel_100_iterations,485.8312808999326,7007.0,79.0
multilabel_100_iterations,486.5609414000064,7007.0,77.0
multilabel_100_iterations,487.23598439991474,7007.0,75.0
multilabel_100_iterations,487.9166180000175,7007.0,80.0
multilabel_100_iterations,488.58714219997637,7007.0,84.0
multilabel_100_iterations,489.28643679991364,7007.0,81.0
multilabel_100_iterations,490.01088239997625,7007.0,77.0
multilabel_100_iterations,490.7350794998929,7007.0,80.0
multilabel_100_iterations,491.46632770006545,7007.0,68.0
multilabel_100_iterations,492.19196030008607,7019.0,74.0
multilabel_100_iterations,492.9193293999415,6997.0,67.0
multilabel_100_iterations,493.6261714999564,6997.0,77.0
multilabel_100_iterations,494.34722119988874,6997.0,78.0
multilabel_100_iterations,495.0523715999443,6997.0,77.0
multilabel_100_iterations,495.75812019989826,6997.0,77.0
multilabel_100_iterations,496.46946060005575,6997.0,75.0
multilabel_100_iterations,497.1832174998708,6997.0,76.0
multilabel_100_iterations,497.90312059991993,6997.0,64.0
multilabel_100_iterations,498.6112069999799,6997.0,65.0
multilabel_100_iterations,499.3109909000341,6997.0,73.0
multilabel_100_iterations,500.0115815999452,6997.0,80.0
multilabel_100_iterations,500.72062769997865,6997.0,65.0
multilabel_100_iterations,501.4467708999291,6997.0,87.0
multilabel_100_iterations,502.1511703999713,6997.0,82.0
multilabel_100_iterations,502.89877790003084,6997.0,79.0
multilabel_100_iterations,503.65842500003055,6997.0,79.0
multilabel_100_iterations,504.36317939986475,6997.0,78.0
multilabel_100_iterations,505.0710684999358,6997.0,80.0
multilabel_100_iterations,505.7587415999733,6997.0,79.0
multilabel_100_iterations,506.4357695998624,6997.0,63.0
multilabel_100_iterations,507.1567402998917,6997.0,66.0
multilabel_100_iterations,507.8615743999835,6997.0,79.0
multilabel_100_iterations,508.53216729988344,6997.0,80.0
multilabel_100_iterations,509.21504879998975,6997.0,81.0
multilabel_100_iterations,509.8909736999776,6997.0,82.0
multilabel_100_iterations,510.5857581999153,6997.0,74.0
multilabel_100_iterations,511.2939349000808,6997.0,78.0
multilabel_100_iterations,511.9762768999208,6997.0,62.0
multilabel_100_iterations,512.6460855000187,6997.0,82.0
multilabel_100_iterations,513.3444374999963,6997.0,74.0
multilabel_100_iterations,514.0702996999025,6997.0,72.0
multilabel_100_iterations,514.7656387998722,6997.0,61.0
multilabel_100_iterations,515.4542026000563,6997.0,66.0
multilabel_100_iterations,516.1442505999003,6997.0,66.0
multilabel_100_iterations,516.8452639998868,6997.0,72.0
multilabel_100_iterations,517.5423689999152,6997.0,68.0
multilabel_100_iterations,518.2420256000478,6997.0,74.0
multilabel_100_iterations,518.9372222998645,6997.0,67.0
multilabel_100_iterations,519.6276417998597,6997.0,70.0
multilabel_100_iterations,520.3223957999144,6997.0,77.0
multilabel_100_iterations,521.0004926000256,6997.0,82.0
multilabel_100_iterations,521.6871543999296,6997.0,77.0
multilabel_100_iterations,522.367782499874,6997.0,81.0
multilabel_100_iterations,523.0465768000577,6997.0,82.0
multilabel_100_iterations,523.7252543000504,6997.0,80.0
multilabel_100_iterations,524.4124722999986,6997.0,81.0
multilabel_100_iterations,525.0932370000519,6997.0,88.0
multilabel_100_iterations,525.7860769999679,6997.0,82.0
multilabel_100_iterations,526.4718643999659,6997.0,80.0
multilabel_100_iterations,527.1733653999399,6997.0,82.0
multilabel_100_iterations,527.8679472000804,6997.0,71.0
multilabel_100_iterations,528.5616550999694,6997.0,82.0
multilabel_100_iterations,529.264805899933,6997.0,78.0
multilabel_100_iterations,529.9696158000734,6997.0,74.0
multilabel_100_iterations,530.6584604000673,6997.0,64.0
multilabel_100_iterations,531.3391382000409,6997.0,79.0
multilabel_100_iterations,532.0524609999266,6997.0,75.0
multilabel_100_iterations,532.7912357000168,6997.0,60.0
multilabel_100_iterations,533.5448523000814,6997.0,65.0
multilabel_100_iterations,534.2916460998822,6997.0,77.0
multilabel_100_iterations,534.9962104998995,6997.0,64.0
multilabel_100_iterations,535.6993271000683,6997.0,71.0
multilabel_100_iterations,536.391912400024,6997.0,63.0
multilabel_100_iterations,537.0870628000703,6997.0,74.0
multilabel_100_iterations,537.7731922999956,6997.0,69.0
multilabel_100_iterations,538.4663406999316,6997.0,78.0
multilabel_100_iterations,539.1686001999769,6997.0,62.0
multilabel_100_iterations,539.8773304000497,6997.0,67.0
multilabel_100_iterations,540.5794206999708,6997.0,70.0
multilabel_100_iterations,541.2826773000415,6997.0,76.0
multilabel_100_iterations,541.9823954000603,6997.0,64.0
multilabel_100_iterations,542.6724731998984,6997.0,79.0
multilabel_100_iterations,543.3692069998942,6997.0,81.0
multilabel_100_iterations,544.0646764000412,6997.0,67.0
multilabel_100_iterations,544.7626477000304,6997.0,79.0
multilabel_100_iterations,545.4593541000504,6997.0,81.0
multilabel_100_iterations,546.1552987000905,6997.0,81.0
multilabel_100_iterations,546.8541117000859,6997.0,80.0
multilabel_100_iterations,547.536846099887,6997.0,68.0
multilabel_100_iterations,548.2457447000779,6997.0,69.0
multilabel_100_iterations,548.9387596999295,6997.0,81.0
multilabel_100_iterations,549.635721599916,6997.0,81.0
multilabel_100_iterations,550.3282951000147,6997.0,73.0
multilabel_100_iterations,551.0384380999021,6997.0,77.0
multilabel_100_iterations,551.7395816999488,6997.0,80.0
multilabel_100_iterations,552.4336935000028,6997.0,82.0
multilabel_100_iterations,553.1257845000364,6997.0,80.0
multilabel_100_iterations,553.8219590000808,6997.0,70.0
multilabel_100_iterations,554.5171598999295,6997.0,79.0
multilabel_100_iterations,555.2124365998898,6997.0,67.0
multilabel_100_iterations,555.9305632000323,6997.0,71.0
multilabel_100_iterations,556.6468891999684,6997.0,75.0
multilabel_100_iterations,557.3482019999065,6997.0,72.0
multilabel_100_iterations,558.0685379998758,6997.0,78.0
multilabel_100_iterations,558.7566615999676,6997.0,72.0
multilabel_100_iterations,559.4578346998896,6997.0,80.0
multilabel_100_iterations,560.168946800055,6997.0,83.0
multilabel_100_iterations,560.8806982999668,6997.0,77.0
multilabel_100_iterations,561.5879420000128,6997.0,83.0
multilabel_100_iterations,562.3102519998793,6997.0,72.0
multilabel_100_iterations,563.0954630998895,6997.0,68.0
multilabel_100_iterations,563.7883947999217,6997.0,77.0
multilabel_100_iterations,564.4938814998604,6997.0,81.0
multilabel_100_iterations,565.1882630998734,6997.0,74.0
multilabel_100_iterations,565.8920350999106,6997.0,82.0
multilabel_100_iterations,566.7442177999765,6997.0,61.0
multilabel_100_iterations,567.4917170000263,6997.0,77.0
multilabel_100_iterations,568.3419524999335,6997.0,73.0
multilabel_100_iterations,569.1763015000615,6997.0,66.0
multilabel_100_iterations,569.9301922000013,6997.0,75.0
multilabel_100_iterations,570.6375215000007,6997.0,73.0
multilabel_100_iterations,571.3748880999628,6997.0,68.0
multilabel_100_iterations,572.091233599931,6997.0,56.0
multilabel_100_iterations,572.8050285000354,6997.0,71.0
multilabel_100_iterations,573.5576063999906,6997.0,65.0
multilabel_100_iterations,574.2875787999947,6997.0,70.0
multilabel_100_iterations,574.9873720998876,6997.0,80.0
multilabel_100_iterations,575.6979952999391,6997.0,82.0
multilabel_100_iterations,576.3951775000896,6997.0,83.0
multilabel_100_iterations,577.0854432999622,6997.0,79.0
multilabel_100_iterations,577.7931522000581,6997.0,82.0
multilabel_100_iterations,578.5024717000779,6997.0,80.0
multilabel_100_iterations,579.1939636999741,6997.0,77.0
multilabel_100_iterations,579.9279799999204,6997.0,78.0
multilabel_100_iterations,580.7025148000102,6997.0,79.0
multilabel_100_iterations,581.4384139999747,6997.0,80.0
multilabel_100_iterations,582.1314864999149,6997.0,73.0
multilabel_100_iterations,582.8768179998733,6997.0,74.0
multilabel_100_iterations,583.5879124999046,6997.0,82.0
multilabel_100_iterations,584.3660470000468,6997.0,78.0
multilabel_100_iterations,585.1555920999963,6997.0,75.0
multilabel_100_iterations,585.8556242000777,6997.0,81.0
multilabel_100_iterations,586.5601766000036,6997.0,80.0
multilabel_100_iterations,587.255233099917,6997.0,78.0
multilabel_100_iterations,587.9654123999644,6997.0,71.0
multilabel_100_iterations,588.6951502000447,6997.0,79.0
multilabel_100_iterations,589.4102018000558,6997.0,77.0
multilabel_100_iterations,590.1216794999782,6997.0,74.0
multilabel_100_iterations,590.8252503999975,6997.0,75.0
multilabel_100_iterations,591.5178797000553,6997.0,81.0
multilabel_100_iterations,592.2253042999655,6997.0,78.0
multilabel_100_iterations,592.9200708998833,6997.0,78.0
multilabel_100_iterations,593.6258044000715,6997.0,73.0
multilabel_100_iterations,594.3422761999536,6997.0,84.0
multilabel_100_iterations,595.0465691999998,6997.0,84.0
multilabel_100_iterations,595.7550458000042,6997.0,81.0
multilabel_100_iterations,596.455303600058,6997.0,80.0
multilabel_100_iterations,597.1796013000421,6997.0,74.0
multilabel_100_iterations,597.9194430999923,6997.0,73.0
multilabel_100_iterations,599.5951054999605,6997.0,79.0
multilabel_100_iterations,601.6497108999174,6997.0,71.0
multilabel_100_iterations,602.6322643000167,7000.0,57.0
multilabel_100_iterations,603.5242574999575,7000.0,73.0
multilabel_100_iterations,604.4084532000124,7000.0,71.0
multilabel_100_iterations,605.3044153999072,7000.0,72.0
multilabel_100_iterations,606.1803981000558,7000.0,78.0
multilabel_100_iterations,607.0670356999617,7000.0,65.0
multilabel_100_iterations,607.9103554000612,7000.0,71.0
multilabel_100_iterations,608.7490465000737,7000.0,72.0
multilabel_100_iterations,609.5938174000476,7000.0,78.0
multilabel_100_iterations,610.4234988999087,7000.0,79.0
multilabel_100_iterations,611.2610214999877,7000.0,83.0
multilabel_100_iterations,612.091654199874,7000.0,83.0
multilabel_100_iterations,612.9356219000183,7000.0,80.0
multilabel_100_iterations,613.7850285000168,7000.0,70.0
multilabel_100_iterations,614.6107723000459,7000.0,70.0
multilabel_100_iterations,615.494171799859,7000.0,68.0
multilabel_100_iterations,616.3170662999619,7000.0,77.0
multilabel_100_iterations,617.1711186000612,7000.0,78.0
multilabel_100_iterations,618.0069953000639,7000.0,77.0
multilabel_100_iterations,618.8527999999933,7000.0,73.0
multilabel_100_iterations,619.6931823000778,7000.0,83.0
multilabel_100_iterations,620.5143720998894,7000.0,81.0
multilabel_100_iterations,621.3629749000538,7000.0,77.0
multilabel_100_iterations,622.1905867999885,7000.0,82.0
multilabel_100_iterations,623.0613186000846,7000.0,83.0
multilabel_100_iterations,623.8530099000782,7000.0,69.0
multilabel_100_iterations,624.6351352999918,7000.0,67.0
multilabel_100_iterations,628.4003337998874,7000.0,72.0
multilabel_100_iterations,628.9617228000425,7000.0,77.0
multilabel_100_iterations,629.542902899906,7000.0,83.0
multilabel_100_iterations,630.0980251999572,7000.0,82.0
multilabel_100_iterations,630.677551999921,7000.0,62.0
multilabel_100_iterations,631.2548064000439,7000.0,76.0
multilabel_100_iterations,631.8193713999353,7000.0,65.0
multilabel_100_iterations,632.3874542999547,7000.0,75.0
multilabel_100_iterations,632.9574261999223,7000.0,70.0
multilabel_100_iterations,633.5266809000168,7000.0,83.0
multilabel_100_iterations,634.0832837000489,7000.0,72.0
multilabel_100_iterations,634.6408498999663,7000.0,80.0
multilabel_100_iterations,635.209823400015,7000.0,81.0
multilabel_100_iterations,635.7639915000182,7000.0,76.0
multilabel_100_iterations,636.3199843000621,7000.0,84.0
multilabel_100_iterations,636.8730158000253,7000.0,72.0
multilabel_100_iterations,637.4438471000176,7000.0,82.0
multilabel_100_iterations,638.0143110998906,7000.0,73.0
multilabel_100_iterations,638.5793456998654,7000.0,70.0
multilabel_100_iterations,639.1628640999552,7000.0,77.0
multilabel_100_iterations,639.7200138999615,7000.0,82.0
multilabel_100_iterations,640.2875447000843,7000.0,79.0
multilabel_100_iterations,640.8416075999849,7000.0,83.0
multilabel_100_iterations,641.4243362999987,7000.0,67.0
multilabel_100_iterations,641.995284399949,7000.0,76.0
multilabel_100_iterations,642.5506976000033,7000.0,79.0
multilabel_100_iterations,643.1065591999795,7000.0,79.0
multilabel_100_iterations,643.6637538999785,7000.0,67.0
multilabel_100_iterations,644.2466555999126,7000.0,70.0
multilabel_100_iterations,644.8047899999656,7000.0,71.0
multilabel_100_iterations,645.3703981998842,7000.0,67.0
multilabel_100_iterations,645.9277184000239,7000.0,63.0
multilabel_100_iterations,646.4981382999104,7000.0,84.0
multilabel_100_iterations,647.0801182000432,7000.0,66.0
multilabel_100_iterations,647.6464726999402,7000.0,83.0
multilabel_100_iterations,648.2001016999129,7000.0,83.0
multilabel_100_iterations,648.7579558999278,7000.0,78.0
multilabel_100_iterations,649.315518300049,7000.0,75.0
multilabel_100_iterations,649.9112323999871,3416.0,47.0
ranker_smoke,0.0,642.0,14.0
ranker_smoke,0.5539768000598997,6018.0,19.0
ranker_100_iterations,0.0,620.0,46.0
ranker_100_iterations,0.5532949001062661,7298.0,18.0
ranker_100_iterations,1.1192978001199663,7298.0,72.0
ranker_100_iterations,1.6739193999674171,7298.0,74.0
ranker_100_iterations,2.2277371999807656,7298.0,75.0
