run_name,horizon,with_weather,status,train_query_count,validation_query_count,disease_count,classifier_count,trained_classifier_count,constant_classifier_count,feature_count,training_seconds,prediction_seconds,memory_before_mib,peak_rss_mib,peak_delta_rss_mib,mean_process_cpu_machine_percent,mean_system_cpu_percent,total_serialized_model_bytes,models_persisted,mean_best_iteration,median_best_iteration,min_best_iteration,max_best_iteration,precision_at_5,recall_at_5,ndcg_at_5,precision_at_10,recall_at_10,ndcg_at_10,evaluated_validation_queries,zero_positive_validation_queries
h3_with_weather,3,True,success,12864,2748,221,221,221.0,0.0,45,13.892521100118756,0.4149990992154926,251.98828125,275.40625,23.41796875,24.80713619402985,34.6089552238806,17011647.0,False,58.497737556561084,47.0,1.0,200.0,0.735908691834943,0.16580175381429688,0.7491450795092963,0.6798946444249342,0.2945694625659782,0.722650020891848,2278,470
h3_no_weather,3,False,success,12864,2748,221,221,221.0,0.0,6,6.151451799785718,0.2900735007133335,267.3125,269.87109375,2.55859375,24.866770833333334,30.95,17468185.0,False,60.07692307692308,48.0,1.0,200.0,0.7273924495171202,0.15787671844535014,0.7434193442412047,0.6837137840210711,0.2920058352425972,0.7247419998225914,2278,470
h3_baseline,3,False,success,12864,2748,221,0,,,3,0.0,0.0,,,,,,,,,,,,0.7187006145741879,0.15717690178359117,0.7245108100900556,0.6696224758560141,0.28559002351066576,0.7049101682227532,2278,470
h7_with_weather,7,True,success,12864,2748,221,221,221.0,0.0,45,14.08568189991638,0.415106299566105,272.4921875,281.234375,8.7421875,24.884191176470587,30.988235294117647,18512052.0,False,62.68325791855204,51.0,1.0,200.0,0.8334349151066609,0.1276171634092153,0.8400832732404226,0.8021332172398781,0.23420449416080888,0.8268194867810237,2297,451
h7_no_weather,7,False,success,12864,2748,221,221,221.0,0.0,6,6.3029428999871016,0.2907694992609322,270.3359375,274.17578125,3.83984375,24.848854166666666,29.97,18380449.0,False,61.76470588235294,54.0,1.0,200.0,0.8224640835872878,0.12356679536180075,0.8363896351694072,0.7984327383543752,0.2300714002819406,0.8256338556258341,2297,451
h7_baseline,7,False,success,12864,2748,221,0,,,3,0.0,0.0,,,,,,,,,,,,0.8154114061819765,0.1252413573091849,0.8154463144981162,0.7875925119721375,0.2284904058406144,0.8067488619070685,2297,451
h14_with_weather,14,True,success,12864,2748,221,221,221.0,0.0,45,14.039390000049025,0.4614671978633851,273.08984375,283.58984375,10.5,24.91363224637681,30.357971014492755,19278833.0,False,64.15837104072398,53.0,1.0,200.0,0.8875,0.10306110481625547,0.8954609152970607,0.8608506944444445,0.18861795532751374,0.8754096358958394,2304,444
h14_no_weather,14,False,success,12864,2748,221,221,221.0,0.0,6,6.4108274998143315,0.306726997718215,276.328125,279.6953125,3.3671875,24.94657258064516,30.574193548387097,18923118.0,False,63.37556561085973,58.0,1.0,200.0,0.8740451388888889,0.10095518865925106,0.883156609952463,0.8558593750000001,0.18834291022221192,0.8683157283780023,2304,444
h14_baseline,14,False,success,12864,2748,221,0,,,3,0.0,0.0,,,,,,,,,,,,0.8696180555555555,0.10492609396010649,0.8683649120070331,0.8466145833333333,0.1899644575134541,0.8560425075516558,2304,444
