disease_id,disease_name,positive_fit_queries,n_estimators_locked,support_tier,model_complexity_flag,weather_importance,seasonal_importance,demographic_importance,weather_current_importance,weather_3d_importance,weather_7d_importance,model_path,model_sha256,model_bytes,manifest_index,top_feature_group,shap_additivity_max_abs_error,top_10_features,candidate_role
161,"Viêm tĩnh mạch, viêm tĩnh mạch huyết khối, nghẽn mạch và huyết khối tĩnh mạch - Phlebitis, thrombophlebitis,venous embolism and thrombosis",613,1,STRONG,VERY_SIMPLE_MODEL,0.5198890430800253,0.12748405908911536,0.3526268978308594,0.0,0.1288635402705715,0.39102550280945375,models/disease_161.txt,2f01986f6742d3a4ee845e6251b337f904dc7680f038fd5121bed1277e58b7d2,6767,107,WEATHER_7D,1.3322676295501878e-15,"[{""feature"": ""age_group"", ""human_label"": ""Nhóm tuổi"", ""feature_group"": ""DEMOGRAPHIC"", ""mean_abs_shap"": 0.022345766236662953, ""normalized_importance"": 0.3116886013563151}, {""feature"": ""temperature_max_7d"", ""human_label"": ""Nhiệt độ — 7 ngày gần đây"", ""feature_group"": ""WEATHER_7D"", ""mean_abs_shap"": 0.012789078901144543, ""normalized_importance"": 0.1783877121560988}, {""feature"": ""rain_max_daily_7d"", ""human_label"": ""Lượng mưa — 7 ngày gần đây"", ""feature_group"": ""WEATHER_7D"", ""mean_abs_shap"": 0.009315341189485878, ""normalized_importance"": 0.12993448672813662}, {""feature"": ""day_of_year_sin"", ""human_label"": ""Thời điểm trong năm"", ""feature_group"": ""SEASONAL_CALENDAR"", ""mean_abs_shap"": 0.005934748119045636, ""normalized_importance"": 0.08278048383019328}, {""feature"": ""humidity_mean_3d"", ""human_label"": ""Độ ẩm — 3 ngày gần đây"", ""feature_group"": ""WEATHER_3D"", ""mean_abs_shap"": 0.0058600569869582545, ""normalized_importance"": 0.08173865898303992}, {""feature"": ""temperature_min_7d"", ""human_label"": ""Nhiệt độ — 7 ngày gần đây"", ""feature_group"": ""WEATHER_7D"", ""mean_abs_shap"": 0.005583216965738851, ""normalized_importance"": 0.0778771722880008}, {""feature"": ""wind_speed_mean_3d"", ""human_label"": ""Gió — 3 ngày gần đây"", ""feature_group"": ""WEATHER_3D"", ""mean_abs_shap"": 0.0033785052664722266, ""normalized_importance"": 0.04712488128753158}, {""feature"": ""day_of_year_cos"", ""human_label"": ""Thời điểm trong năm"", ""feature_group"": ""SEASONAL_CALENDAR"", ""mean_abs_shap"": 0.0032049155417685046, ""normalized_importance"": 0.044703575258922074}, {""feature"": ""gender"", ""human_label"": ""Giới tính"", ""feature_group"": ""DEMOGRAPHIC"", ""mean_abs_shap"": 0.0029349729158096314, ""normalized_importance"": 0.0409382964745443}, {""feature"": ""wind_gust_max_7d"", ""human_label"": ""Gió — 7 ngày gần đây"", ""feature_group"": ""WEATHER_7D"", ""mean_abs_shap"": 0.0003459979252476464, ""normalized_importance"": 0.004826131637217504}]",CANDIDATE_FOR_MEDICAL_EXPLANATION
58,"U ác môi, khoang miệng, họng - Malignant neoplasm of lip, oral cavity and pharynx",370,4,BETTER,SIMPLE_MODEL,0.4853986427111074,0.14117826005259665,0.37342309723629596,0.012788858362004645,0.104546476662318,0.36806330768678475,models/disease_58.txt,3dbed29179832d8722dc264b5d134baa57eb9431d3b9549eb1d0f7018f01cb63,11551,27,DEMOGRAPHIC,1.3322676295501878e-15,"[{""feature"": ""age_group"", ""human_label"": ""Nhóm tuổi"", ""feature_group"": ""DEMOGRAPHIC"", ""mean_abs_shap"": 0.10074666467354249, ""normalized_importance"": 0.3577842036884253}, {""feature"": ""temperature_mean_7d"", ""human_label"": ""Nhiệt độ — 7 ngày gần đây"", ""feature_group"": ""WEATHER_7D"", ""mean_abs_shap"": 0.042575303652881556, ""normalized_importance"": 0.15119876338933008}, {""feature"": ""day_of_year_cos"", ""human_label"": ""Thời điểm trong năm"", ""feature_group"": ""SEASONAL_CALENDAR"", ""mean_abs_shap"": 0.026511755104939073, ""normalized_importance"": 0.09415187311004047}, {""feature"": ""wind_speed_max_7d"", ""human_label"": ""Gió — 7 ngày gần đây"", ""feature_group"": ""WEATHER_7D"", ""mean_abs_shap"": 0.022948649929771307, ""normalized_importance"": 0.0814981266869066}, {""feature"": ""temperature_min_3d"", ""human_label"": ""Nhiệt độ — 3 ngày gần đây"", ""feature_group"": ""WEATHER_3D"", ""mean_abs_shap"": 0.01615259966675657, ""normalized_importance"": 0.05736313979222092}, {""feature"": ""temperature_min_7d"", ""human_label"": ""Nhiệt độ — 7 ngày gần đây"", ""feature_group"": ""WEATHER_7D"", ""mean_abs_shap"": 0.01522553695923616, ""normalized_importance"": 0.05407083831847763}, {""feature"": ""temperature_max_3d"", ""human_label"": ""Nhiệt độ — 3 ngày gần đây"", ""feature_group"": ""WEATHER_3D"", ""mean_abs_shap"": 0.010347274197857952, ""normalized_importance"": 0.03674653916556524}, {""feature"": ""temperature_max_7d"", ""human_label"": ""Nhiệt độ — 7 ngày gần đây"", ""feature_group"": ""WEATHER_7D"", ""mean_abs_shap"": 0.008469976119534936, ""normalized_importance"": 0.03007964254705117}, {""feature"": ""season"", ""human_label"": ""Mùa mưa / mùa khô"", ""feature_group"": ""SEASONAL_CALENDAR"", ""mean_abs_shap"": 0.006377876988478495, ""normalized_importance"": 0.02264991746317107}, {""feature"": ""day_of_year_sin"", ""human_label"": ""Thời điểm trong năm"", ""feature_group"": ""SEASONAL_CALENDAR"", ""mean_abs_shap"": 0.006314054217843199, ""normalized_importance"": 0.02242326202755013}]",CANDIDATE_FOR_MEDICAL_EXPLANATION
38,Viêm gan virut khác - Other viral hepatitis,322,5,BETTER,SIMPLE_MODEL,0.4835907207666657,0.06707506841606856,0.44933421081726566,0.0,0.010015609011224884,0.4735751117554408,models/disease_38.txt,f479e87ae00766878f653f992a9ae72b26484a66a42aa8af936e81f3deaf2ec8,12114,19,WEATHER_7D,1.7763568394002505e-15,"[{""feature"": ""age_group"", ""human_label"": ""Nhóm tuổi"", ""feature_group"": ""DEMOGRAPHIC"", ""mean_abs_shap"": 0.15901561818932858, ""normalized_importance"": 0.44933421081726566}, {""feature"": ""temperature_min_7d"", ""human_label"": ""Nhiệt độ — 7 ngày gần đây"", ""feature_group"": ""WEATHER_7D"", ""mean_abs_shap"": 0.04634642175536934, ""normalized_importance"": 0.1309621852292405}, {""feature"": ""wind_gust_max_7d"", ""human_label"": ""Gió — 7 ngày gần đây"", ""feature_group"": ""WEATHER_7D"", ""mean_abs_shap"": 0.027881985702421206, ""normalized_importance"": 0.07878678952591389}, {""feature"": ""wind_speed_max_7d"", ""human_label"": ""Gió — 7 ngày gần đây"", ""feature_group"": ""WEATHER_7D"", ""mean_abs_shap"": 0.026447999797083132, ""normalized_importance"": 0.0747347414790925}, {""feature"": ""rain_max_daily_7d"", ""human_label"": ""Lượng mưa — 7 ngày gần đây"", ""feature_group"": ""WEATHER_7D"", ""mean_abs_shap"": 0.01878961203644326, ""normalized_importance"": 0.05309425320666029}, {""feature"": ""temperature_mean_7d"", ""human_label"": ""Nhiệt độ — 7 ngày gần đây"", ""feature_group"": ""WEATHER_7D"", ""mean_abs_shap"": 0.01811716529546743, ""normalized_importance"": 0.05119410447212992}, {""feature"": ""day_of_year_sin"", ""human_label"": ""Thời điểm trong năm"", ""feature_group"": ""SEASONAL_CALENDAR"", ""mean_abs_shap"": 0.01595026991916653, ""normalized_importance"": 0.04507105671794971}, {""feature"": ""wind_speed_mean_7d"", ""human_label"": ""Gió — 7 ngày gần đây"", ""feature_group"": ""WEATHER_7D"", ""mean_abs_shap"": 0.012276681972771751, ""normalized_importance"": 0.03469051196670531}, {""feature"": ""humidity_max_7d"", ""human_label"": ""Độ ẩm — 7 ngày gần đây"", ""feature_group"": ""WEATHER_7D"", ""mean_abs_shap"": 0.01050128034236062, ""normalized_importance"": 0.029673717392887735}, {""feature"": ""month"", ""human_label"": ""Yếu tố mùa vụ theo tháng"", ""feature_group"": ""SEASONAL_CALENDAR"", ""mean_abs_shap"": 0.007787035659843282, ""normalized_importance"": 0.022004011698118848}]",CANDIDATE_FOR_MEDICAL_EXPLANATION
313,COVID-19 * U07.1 là bệnh nhân COVID-19 có kết quả xét nghiệm SARS-CoV-2 dương tính cập nhật theo hướng dẫn chẩn đoán và điều trị của Bộ Y tế.,3776,21,STRONG,NORMAL_MODEL,0.4350348155875605,0.25147159286672244,0.31349359154571704,0.004269160356336682,0.019905055450451993,0.41086059978077183,models/disease_313.txt,d4c5128f55e3be1e28fef7e25e1eec464917f390bb07dd16ca1a8719a48f6b1a,35983,220,WEATHER_7D,1.5543122344752192e-15,"[{""feature"": ""age_group"", ""human_label"": ""Nhóm tuổi"", ""feature_group"": ""DEMOGRAPHIC"", ""mean_abs_shap"": 0.31696289695639535, ""normalized_importance"": 0.30743884691608275}, {""feature"": ""temperature_min_7d"", ""human_label"": ""Nhiệt độ — 7 ngày gần đây"", ""feature_group"": ""WEATHER_7D"", ""mean_abs_shap"": 0.12466906846153178, ""normalized_importance"": 0.12092303238630582}, {""feature"": ""day_of_year_cos"", ""human_label"": ""Thời điểm trong năm"", ""feature_group"": ""SEASONAL_CALENDAR"", ""mean_abs_shap"": 0.11874595826132826, ""normalized_importance"": 0.11517789884672319}, {""feature"": ""rain_max_daily_7d"", ""human_label"": ""Lượng mưa — 7 ngày gần đây"", ""feature_group"": ""WEATHER_7D"", ""mean_abs_shap"": 0.09473311296529, ""normalized_importance"": 0.09188658765579887}, {""feature"": ""day_of_year_sin"", ""human_label"": ""Thời điểm trong năm"", ""feature_group"": ""SEASONAL_CALENDAR"", ""mean_abs_shap"": 0.08307911532260383, ""normalized_importance"": 0.08058276745591256}, {""feature"": ""rain_days_7d"", ""human_label"": ""Lượng mưa — 7 ngày gần đây"", ""feature_group"": ""WEATHER_7D"", ""mean_abs_shap"": 0.0612317714080347, ""normalized_importance"": 0.059391889009978084}, {""feature"": ""month"", ""human_label"": ""Yếu tố mùa vụ theo tháng"", ""feature_group"": ""SEASONAL_CALENDAR"", ""mean_abs_shap"": 0.045773141359174985, ""normalized_importance"": 0.04439775738523605}, {""feature"": ""wind_speed_max_7d"", ""human_label"": ""Gió — 7 ngày gần đây"", ""feature_group"": ""WEATHER_7D"", ""mean_abs_shap"": 0.04430820417323776, ""normalized_importance"": 0.04297683839574628}, {""feature"": ""temperature_max_7d"", ""human_label"": ""Nhiệt độ — 7 ngày gần đây"", ""feature_group"": ""WEATHER_7D"", ""mean_abs_shap"": 0.03711668654353641, ""normalized_importance"": 0.036001410328668056}, {""feature"": ""wind_gust_max_7d"", ""human_label"": ""Gió — 7 ngày gần đây"", ""feature_group"": ""WEATHER_7D"", ""mean_abs_shap"": 0.03441135137033532, ""normalized_importance"": 0.0333773646307109}]",CANDIDATE_FOR_MEDICAL_EXPLANATION
81,U ác mắt và các phần phụ - Malignant neoplasm of eye and adnexa,208,15,BETTER,NORMAL_MODEL,0.4246099584632415,0.09924464247346074,0.47614539906329767,0.04403818334765457,0.07050649320212377,0.31006528191346316,models/disease_81.txt,26eed73da94c39da7ba1005cf1ce7e9cd29d0d0e25174eea2bdcecfc25e42108,27426,43,DEMOGRAPHIC,2.6645352591003757e-15,"[{""feature"": ""age_group"", ""human_label"": ""Nhóm tuổi"", ""feature_group"": ""DEMOGRAPHIC"", ""mean_abs_shap"": 0.448685340924159, ""normalized_importance"": 0.43594034689447686}, {""feature"": ""rain_max_daily_7d"", ""human_label"": ""Lượng mưa — 7 ngày gần đây"", ""feature_group"": ""WEATHER_7D"", ""mean_abs_shap"": 0.13920867589935537, ""normalized_importance"": 0.13525442649249292}, {""feature"": ""temperature_min_7d"", ""human_label"": ""Nhiệt độ — 7 ngày gần đây"", ""feature_group"": ""WEATHER_7D"", ""mean_abs_shap"": 0.04487294379784719, ""normalized_importance"": 0.04359831913634194}, {""feature"": ""day_of_year_cos"", ""human_label"": ""Thời điểm trong năm"", ""feature_group"": ""SEASONAL_CALENDAR"", ""mean_abs_shap"": 0.044734759142348396, ""normalized_importance"": 0.043464059642752156}, {""feature"": ""gender"", ""human_label"": ""Giới tính"", ""feature_group"": ""DEMOGRAPHIC"", ""mean_abs_shap"": 0.04138047250672934, ""normalized_importance"": 0.04020505216882078}, {""feature"": ""temperature_max_current"", ""human_label"": ""Nhiệt độ — hiện tại"", ""feature_group"": ""WEATHER_CURRENT"", ""mean_abs_shap"": 0.03661251563765532, ""normalized_importance"": 0.03557253003827637}, {""feature"": ""day_of_year_sin"", ""human_label"": ""Thời điểm trong năm"", ""feature_group"": ""SEASONAL_CALENDAR"", ""mean_abs_shap"": 0.03291700857309938, ""normalized_importance"": 0.03198199456779435}, {""feature"": ""wind_speed_max_7d"", ""human_label"": ""Gió — 7 ngày gần đây"", ""feature_group"": ""WEATHER_7D"", ""mean_abs_shap"": 0.03150671349913763, ""normalized_importance"": 0.03061175919861528}, {""feature"": ""month"", ""human_label"": ""Yếu tố mùa vụ theo tháng"", ""feature_group"": ""SEASONAL_CALENDAR"", ""mean_abs_shap"": 0.02449435516654318, ""normalized_importance"": 0.02379858826291422}, {""feature"": ""temperature_max_3d"", ""human_label"": ""Nhiệt độ — 3 ngày gần đây"", ""feature_group"": ""WEATHER_3D"", ""mean_abs_shap"": 0.023584488403947473, ""normalized_importance"": 0.022914566441972286}]",CANDIDATE_FOR_MEDICAL_EXPLANATION
254,Gai đôi cột sống - Spina bifida,308,200,BETTER,NORMAL_MODEL,0.4214269609680141,0.14743088267346355,0.4311421563585224,0.049382461370792156,0.08541410183351328,0.28663039776370863,models/disease_254.txt,e2f8d3a4ee65211844de51aa83dd4b7821b9be755bfd8c37c1fadfa979fffb13,265682,177,DEMOGRAPHIC,2.1316282072803006e-14,"[{""feature"": ""age_group"", ""human_label"": ""Nhóm tuổi"", ""feature_group"": ""DEMOGRAPHIC"", ""mean_abs_shap"": 1.5258010183634791, ""normalized_importance"": 0.36890731138461746}, {""feature"": ""day_of_year_cos"", ""human_label"": ""Thời điểm trong năm"", ""feature_group"": ""SEASONAL_CALENDAR"", ""mean_abs_shap"": 0.42051354373220323, ""normalized_importance"": 0.10167152790699564}, {""feature"": ""gender"", ""human_label"": ""Giới tính"", ""feature_group"": ""DEMOGRAPHIC"", ""mean_abs_shap"": 0.2574033826612766, ""normalized_importance"": 0.06223484497390494}, {""feature"": ""temperature_min_7d"", ""human_label"": ""Nhiệt độ — 7 ngày gần đây"", ""feature_group"": ""WEATHER_7D"", ""mean_abs_shap"": 0.23785496747900145, ""normalized_importance"": 0.05750844015444937}, {""feature"": ""humidity_max_7d"", ""human_label"": ""Độ ẩm — 7 ngày gần đây"", ""feature_group"": ""WEATHER_7D"", ""mean_abs_shap"": 0.15907887027711387, ""normalized_importance"": 0.03846199971407561}, {""feature"": ""day_of_year_sin"", ""human_label"": ""Thời điểm trong năm"", ""feature_group"": ""SEASONAL_CALENDAR"", ""mean_abs_shap"": 0.15383968424378716, ""normalized_importance"": 0.03719527226394491}, {""feature"": ""wind_speed_max_7d"", ""human_label"": ""Gió — 7 ngày gần đây"", ""feature_group"": ""WEATHER_7D"", ""mean_abs_shap"": 0.1165090756317987, ""normalized_importance"": 0.02816949872620604}, {""feature"": ""precipitation_sum_7d"", ""human_label"": ""Lượng mưa — 7 ngày gần đây"", ""feature_group"": ""WEATHER_7D"", ""mean_abs_shap"": 0.10706127205118715, ""normalized_importance"": 0.02588521409441857}, {""feature"": ""temperature_mean_7d"", ""human_label"": ""Nhiệt độ — 7 ngày gần đây"", ""feature_group"": ""WEATHER_7D"", ""mean_abs_shap"": 0.10448423596397166, ""normalized_importance"": 0.025262139759800892}, {""feature"": ""temperature_max_7d"", ""human_label"": ""Nhiệt độ — 7 ngày gần đây"", ""feature_group"": ""WEATHER_7D"", ""mean_abs_shap"": 0.10427109835168996, ""normalized_importance"": 0.025210607467873264}]",CANDIDATE_FOR_MEDICAL_EXPLANATION
142,Bệnh khác của tai và xương chũm - Other diseases of the ear and mastoid process,378,49,BETTER,NORMAL_MODEL,0.40648654136314416,0.1505732500315682,0.44294020860528766,0.024497511384875242,0.12243122971198231,0.2595578002662866,models/disease_142.txt,6a698b6085ebc9c4dd68835cb42b146f2b463f3f65bd76433bf6edb9acb6f5e1,71333,92,DEMOGRAPHIC,3.552713678800501e-15,"[{""feature"": ""age_group"", ""human_label"": ""Nhóm tuổi"", ""feature_group"": ""DEMOGRAPHIC"", ""mean_abs_shap"": 0.7575116511762503, ""normalized_importance"": 0.4256739856955256}, {""feature"": ""day_of_year_sin"", ""human_label"": ""Thời điểm trong năm"", ""feature_group"": ""SEASONAL_CALENDAR"", ""mean_abs_shap"": 0.1523915720926553, ""normalized_importance"": 0.08563449522969055}, {""feature"": ""rain_max_daily_7d"", ""human_label"": ""Lượng mưa — 7 ngày gần đây"", ""feature_group"": ""WEATHER_7D"", ""mean_abs_shap"": 0.10249893467799404, ""normalized_importance"": 0.05759796563680231}, {""feature"": ""humidity_min_7d"", ""human_label"": ""Độ ẩm — 7 ngày gần đây"", ""feature_group"": ""WEATHER_7D"", ""mean_abs_shap"": 0.09124228650339206, ""normalized_importance"": 0.051272436139513815}, {""feature"": ""day_of_year_cos"", ""human_label"": ""Thời điểm trong năm"", ""feature_group"": ""SEASONAL_CALENDAR"", ""mean_abs_shap"": 0.07742505200611861, ""normalized_importance"": 0.043508017901706914}, {""feature"": ""wind_gust_max_3d"", ""human_label"": ""Gió — 3 ngày gần đây"", ""feature_group"": ""WEATHER_3D"", ""mean_abs_shap"": 0.07455864211819467, ""normalized_importance"": 0.04189727551941482}, {""feature"": ""temperature_mean_7d"", ""human_label"": ""Nhiệt độ — 7 ngày gần đây"", ""feature_group"": ""WEATHER_7D"", ""mean_abs_shap"": 0.06589666573059523, ""normalized_importance"": 0.037029788653457574}, {""feature"": ""temperature_min_7d"", ""human_label"": ""Nhiệt độ — 7 ngày gần đây"", ""feature_group"": ""WEATHER_7D"", ""mean_abs_shap"": 0.053734742958719384, ""normalized_importance"": 0.0301955516724332}, {""feature"": ""temperature_max_3d"", ""human_label"": ""Nhiệt độ — 3 ngày gần đây"", ""feature_group"": ""WEATHER_3D"", ""mean_abs_shap"": 0.04574937149981794, ""normalized_importance"": 0.02570827429406983}, {""feature"": ""humidity_mean_7d"", ""human_label"": ""Độ ẩm — 7 ngày gần đây"", ""feature_group"": ""WEATHER_7D"", ""mean_abs_shap"": 0.04482692634174092, ""normalized_importance"": 0.025189918033259234}]",CANDIDATE_FOR_MEDICAL_EXPLANATION
4,Lỵ Amip - Amoebiasis,294,1,BETTER,VERY_SIMPLE_MODEL,0.39624510940500657,0.13828345055963667,0.46547144003535673,0.08677244507340691,0.02621711288018578,0.28325555145141385,models/disease_4.txt,bd3ab17f61ddd0e00c5cacc9510937bbbaab627f51bbca15b75c0f08a973e964,6768,1,DEMOGRAPHIC,8.881784197001252e-16,"[{""feature"": ""age_group"", ""human_label"": ""Nhóm tuổi"", ""feature_group"": ""DEMOGRAPHIC"", ""mean_abs_shap"": 0.044899436590042266, ""normalized_importance"": 0.46547144003535673}, {""feature"": ""wind_gust_max_7d"", ""human_label"": ""Gió — 7 ngày gần đây"", ""feature_group"": ""WEATHER_7D"", ""mean_abs_shap"": 0.016670161148928202, ""normalized_importance"": 0.17281918226417023}, {""feature"": ""wind_speed_mean_current"", ""human_label"": ""Gió — hiện tại"", ""feature_group"": ""WEATHER_CURRENT"", ""mean_abs_shap"": 0.008370081513573465, ""normalized_importance"": 0.08677244507340691}, {""feature"": ""day_of_year_cos"", ""human_label"": ""Thời điểm trong năm"", ""feature_group"": ""SEASONAL_CALENDAR"", ""mean_abs_shap"": 0.008167074413614504, ""normalized_importance"": 0.08466787507583469}, {""feature"": ""day_of_year_sin"", ""human_label"": ""Thời điểm trong năm"", ""feature_group"": ""SEASONAL_CALENDAR"", ""mean_abs_shap"": 0.005171765493261487, ""normalized_importance"": 0.053615575483801976}, {""feature"": ""temperature_min_7d"", ""human_label"": ""Nhiệt độ — 7 ngày gần đây"", ""feature_group"": ""WEATHER_7D"", ""mean_abs_shap"": 0.004111984523994504, ""normalized_importance"": 0.0426288502295218}, {""feature"": ""temperature_mean_7d"", ""human_label"": ""Nhiệt độ — 7 ngày gần đây"", ""feature_group"": ""WEATHER_7D"", ""mean_abs_shap"": 0.003795528187264544, ""normalized_importance"": 0.03934815456933001}, {""feature"": ""precipitation_sum_7d"", ""human_label"": ""Lượng mưa — 7 ngày gần đây"", ""feature_group"": ""WEATHER_7D"", ""mean_abs_shap"": 0.0027451940481083965, ""normalized_importance"": 0.028459364388391823}, {""feature"": ""wind_speed_max_3d"", ""human_label"": ""Gió — 3 ngày gần đây"", ""feature_group"": ""WEATHER_3D"", ""mean_abs_shap"": 0.0025289061714473134, ""normalized_importance"": 0.02621711288018578}, {""feature"": ""gender"", ""human_label"": ""Giới tính"", ""feature_group"": ""DEMOGRAPHIC"", ""mean_abs_shap"": 0.0, ""normalized_importance"": 0.0}]",CANDIDATE_FOR_MEDICAL_EXPLANATION
74,U ác khác cơ quan sinh dục nữ - Malignant neoplasms of female genital organs,407,195,BETTER,NORMAL_MODEL,0.3948892836462754,0.068176219028527,0.5369344973251977,0.04735157242715382,0.09366184658305249,0.2538758646360691,models/disease_74.txt,b8bff5165ccbef9c9c3efaa47e69bada7b4411d32ab14226cb92f3fea66112e5,257558,38,DEMOGRAPHIC,1.1546319456101628e-14,"[{""feature"": ""age_group"", ""human_label"": ""Nhóm tuổi"", ""feature_group"": ""DEMOGRAPHIC"", ""mean_abs_shap"": 1.3864755976466712, ""normalized_importance"": 0.32813149556064536}, {""feature"": ""gender"", ""human_label"": ""Giới tính"", ""feature_group"": ""DEMOGRAPHIC"", ""mean_abs_shap"": 0.8822690615763249, ""normalized_importance"": 0.2088030017645523}, {""feature"": ""temperature_min_7d"", ""human_label"": ""Nhiệt độ — 7 ngày gần đây"", ""feature_group"": ""WEATHER_7D"", ""mean_abs_shap"": 0.1943963767547571, ""normalized_importance"": 0.04600699351966865}, {""feature"": ""day_of_year_sin"", ""human_label"": ""Thời điểm trong năm"", ""feature_group"": ""SEASONAL_CALENDAR"", ""mean_abs_shap"": 0.13850305110281882, ""normalized_importance"": 0.0327789492835071}, {""feature"": ""wind_speed_mean_7d"", ""human_label"": ""Gió — 7 ngày gần đây"", ""feature_group"": ""WEATHER_7D"", ""mean_abs_shap"": 0.12751052790760936, ""normalized_importance"": 0.03017739388494727}, {""feature"": ""day_of_year_cos"", ""human_label"": ""Thời điểm trong năm"", ""feature_group"": ""SEASONAL_CALENDAR"", ""mean_abs_shap"": 0.12418315744404879, ""normalized_importance"": 0.029389918758558002}, {""feature"": ""temperature_mean_7d"", ""human_label"": ""Nhiệt độ — 7 ngày gần đây"", ""feature_group"": ""WEATHER_7D"", ""mean_abs_shap"": 0.11762940518672171, ""normalized_importance"": 0.02783886908023635}, {""feature"": ""temperature_max_3d"", ""human_label"": ""Nhiệt độ — 3 ngày gần đây"", ""feature_group"": ""WEATHER_3D"", ""mean_abs_shap"": 0.1144595075911677, ""normalized_importance"": 0.027088662411926635}, {""feature"": ""humidity_min_7d"", ""human_label"": ""Độ ẩm — 7 ngày gần đây"", ""feature_group"": ""WEATHER_7D"", ""mean_abs_shap"": 0.10495728445962016, ""normalized_importance"": 0.024839810219650087}, {""feature"": ""wind_speed_max_7d"", ""human_label"": ""Gió — 7 ngày gần đây"", ""feature_group"": ""WEATHER_7D"", ""mean_abs_shap"": 0.09429578660018773, ""normalized_importance"": 0.022316597230203943}]",CANDIDATE_FOR_MEDICAL_EXPLANATION
5,"Ỉa chảy, viêm dạy dày, ruột non có nguồn gốc nhiễm khuẩn - Diarrhoea and gastroenteritis of presumed infectious origin.",7727,158,STRONG,NORMAL_MODEL,0.3889258832763157,0.06657904663182636,0.5444950700918579,0.043078173627324884,0.056164633497550125,0.28968307615144073,models/disease_5.txt,dc2df5c4f952031188da235072662b7bc5c00e79faf60eff785b80f0602ce0ed,253871,2,DEMOGRAPHIC,2.042810365310288e-14,"[{""feature"": ""age_group"", ""human_label"": ""Nhóm tuổi"", ""feature_group"": ""DEMOGRAPHIC"", ""mean_abs_shap"": 2.284253146955901, ""normalized_importance"": 0.5190524701007359}, {""feature"": ""temperature_min_7d"", ""human_label"": ""Nhiệt độ — 7 ngày gần đây"", ""feature_group"": ""WEATHER_7D"", ""mean_abs_shap"": 0.24805298824185967, ""normalized_importance"": 0.0563652572546031}, {""feature"": ""day_of_year_sin"", ""human_label"": ""Thời điểm trong năm"", ""feature_group"": ""SEASONAL_CALENDAR"", ""mean_abs_shap"": 0.19630158149966645, ""normalized_importance"": 0.04460574822797863}, {""feature"": ""wind_speed_max_7d"", ""human_label"": ""Gió — 7 ngày gần đây"", ""feature_group"": ""WEATHER_7D"", ""mean_abs_shap"": 0.1921539469317419, ""normalized_importance"": 0.043663278269942055}, {""feature"": ""temperature_max_7d"", ""human_label"": ""Nhiệt độ — 7 ngày gần đây"", ""feature_group"": ""WEATHER_7D"", ""mean_abs_shap"": 0.13941114352280867, ""normalized_importance"": 0.03167849347236952}, {""feature"": ""wind_gust_max_7d"", ""human_label"": ""Gió — 7 ngày gần đây"", ""feature_group"": ""WEATHER_7D"", ""mean_abs_shap"": 0.12897314762037645, ""normalized_importance"": 0.029306660226444525}, {""feature"": ""gender"", ""human_label"": ""Giới tính"", ""feature_group"": ""DEMOGRAPHIC"", ""mean_abs_shap"": 0.1119681389536237, ""normalized_importance"": 0.025442599991122087}, {""feature"": ""humidity_min_7d"", ""human_label"": ""Độ ẩm — 7 ngày gần đây"", ""feature_group"": ""WEATHER_7D"", ""mean_abs_shap"": 0.10431567489882908, ""normalized_importance"": 0.023703725131612074}, {""feature"": ""precipitation_sum_7d"", ""human_label"": ""Lượng mưa — 7 ngày gần đây"", ""feature_group"": ""WEATHER_7D"", ""mean_abs_shap"": 0.09765206513274213, ""normalized_importance"": 0.022189548336678414}, {""feature"": ""humidity_max_7d"", ""human_label"": ""Độ ẩm — 7 ngày gần đây"", ""feature_group"": ""WEATHER_7D"", ""mean_abs_shap"": 0.09456829981491358, ""normalized_importance"": 0.02148882214634221}]",CANDIDATE_FOR_MEDICAL_EXPLANATION
274,Gãy các phần khác của chi do lao động và giao thông - Fracture of other lim bones,7445,200,STRONG,NORMAL_MODEL,0.38639753104115804,0.0801839182055985,0.5334185507532434,0.07064357216489368,0.06912173855227169,0.2466322203239927,models/disease_274.txt,4781baad018a158a1f61aee88551ce4eac763e8ce4a6af26a4b8efaff362fb66,316053,196,DEMOGRAPHIC,1.865174681370263e-14,"[{""feature"": ""age_group"", ""human_label"": ""Nhóm tuổi"", ""feature_group"": ""DEMOGRAPHIC"", ""mean_abs_shap"": 2.7461711489389873, ""normalized_importance"": 0.4893837864497807}, {""feature"": ""day_of_year_sin"", ""human_label"": ""Thời điểm trong năm"", ""feature_group"": ""SEASONAL_CALENDAR"", ""mean_abs_shap"": 0.2811651311543, ""normalized_importance"": 0.05010527350238271}, {""feature"": ""humidity_max_7d"", ""human_label"": ""Độ ẩm — 7 ngày gần đây"", ""feature_group"": ""WEATHER_7D"", ""mean_abs_shap"": 0.26728586717041963, ""normalized_importance"": 0.04763190735250101}, {""feature"": ""temperature_min_7d"", ""human_label"": ""Nhiệt độ — 7 ngày gần đây"", ""feature_group"": ""WEATHER_7D"", ""mean_abs_shap"": 0.2645954999355303, ""normalized_importance"": 0.04715246815044717}, {""feature"": ""gender"", ""human_label"": ""Giới tính"", ""feature_group"": ""DEMOGRAPHIC"", ""mean_abs_shap"": 0.24710054282296254, ""normalized_importance"": 0.044034764303462676}, {""feature"": ""wind_speed_max_7d"", ""human_label"": ""Gió — 7 ngày gần đây"", ""feature_group"": ""WEATHER_7D"", ""mean_abs_shap"": 0.23259137647630374, ""normalized_importance"": 0.041449145862419406}, {""feature"": ""temperature_max_current"", ""human_label"": ""Nhiệt độ — hiện tại"", ""feature_group"": ""WEATHER_CURRENT"", ""mean_abs_shap"": 0.12464077416789193, ""normalized_importance"": 0.02221171613134232}, {""feature"": ""weather_code_current"", ""human_label"": ""Trạng thái thời tiết — hiện tại"", ""feature_group"": ""WEATHER_CURRENT"", ""mean_abs_shap"": 0.12377036394901811, ""normalized_importance"": 0.02205660393127364}, {""feature"": ""day_of_year_cos"", ""human_label"": ""Thời điểm trong năm"", ""feature_group"": ""SEASONAL_CALENDAR"", ""mean_abs_shap"": 0.122187726876929, ""normalized_importance"": 0.021774568733571555}, {""feature"": ""wind_gust_max_7d"", ""human_label"": ""Gió — 7 ngày gần đây"", ""feature_group"": ""WEATHER_7D"", ""mean_abs_shap"": 0.11956751755423566, ""normalized_importance"": 0.021307632082472404}]",CANDIDATE_FOR_MEDICAL_EXPLANATION
124,Động kinh - Epilepsy,8356,145,STRONG,NORMAL_MODEL,0.3836674407849663,0.09120712455912705,0.5251254346559067,0.061877941400550224,0.04821973826021984,0.27356976112419623,models/disease_124.txt,d985920af1ba6058167c7bea1a2b5d92a78c43d0787f9893ebdd87a4e34f1d1f,223988,77,DEMOGRAPHIC,1.3322676295501878e-14,"[{""feature"": ""age_group"", ""human_label"": ""Nhóm tuổi"", ""feature_group"": ""DEMOGRAPHIC"", ""mean_abs_shap"": 2.11755290550089, ""normalized_importance"": 0.5136372345275696}, {""feature"": ""day_of_year_sin"", ""human_label"": ""Thời điểm trong năm"", ""feature_group"": ""SEASONAL_CALENDAR"", ""mean_abs_shap"": 0.27195693069627597, ""normalized_importance"": 0.06596633568425493}, {""feature"": ""temperature_min_7d"", ""human_label"": ""Nhiệt độ — 7 ngày gần đây"", ""feature_group"": ""WEATHER_7D"", ""mean_abs_shap"": 0.22945485999170764, ""normalized_importance"": 0.05565696112191037}, {""feature"": ""wind_speed_max_7d"", ""human_label"": ""Gió — 7 ngày gần đây"", ""feature_group"": ""WEATHER_7D"", ""mean_abs_shap"": 0.18241991518205042, ""normalized_importance"": 0.04424808490661949}, {""feature"": ""humidity_max_7d"", ""human_label"": ""Độ ẩm — 7 ngày gần đây"", ""feature_group"": ""WEATHER_7D"", ""mean_abs_shap"": 0.14115292681648675, ""normalized_importance"": 0.03423829401718917}, {""feature"": ""temperature_max_current"", ""human_label"": ""Nhiệt độ — hiện tại"", ""feature_group"": ""WEATHER_CURRENT"", ""mean_abs_shap"": 0.1276108666907027, ""normalized_importance"": 0.030953508879238405}, {""feature"": ""wind_gust_max_7d"", ""human_label"": ""Gió — 7 ngày gần đây"", ""feature_group"": ""WEATHER_7D"", ""mean_abs_shap"": 0.11858742843232399, ""normalized_importance"": 0.028764768347219635}, {""feature"": ""temperature_max_7d"", ""human_label"": ""Nhiệt độ — 7 ngày gần đây"", ""feature_group"": ""WEATHER_7D"", ""mean_abs_shap"": 0.11284937554987866, ""normalized_importance"": 0.02737293648013577}, {""feature"": ""rain_max_daily_7d"", ""human_label"": ""Lượng mưa — 7 ngày gần đây"", ""feature_group"": ""WEATHER_7D"", ""mean_abs_shap"": 0.09257550680712981, ""normalized_importance"": 0.022455272393845916}, {""feature"": ""temperature_mean_7d"", ""human_label"": ""Nhiệt độ — 7 ngày gần đây"", ""feature_group"": ""WEATHER_7D"", ""mean_abs_shap"": 0.07719886719523666, ""normalized_importance"": 0.01872548853528789}]",CANDIDATE_FOR_MEDICAL_EXPLANATION
96,"U khác insitu, lành tính và các u tiến triển không chắc chắn hoặc chưa rõ - Other insitus and benign neoplasms and neoplasms of uncertain or unknown behaviour",8892,119,STRONG,NORMAL_MODEL,0.37885193110469617,0.1066947657117547,0.5144533031835494,0.06635798282907039,0.04643861618738974,0.266055332088236,models/disease_96.txt,0636a2b535fc8cf220ea5caf92b5c5ad9ccce1a789c43779697fa51cc0a97dda,177697,57,DEMOGRAPHIC,1.1546319456101628e-14,"[{""feature"": ""age_group"", ""human_label"": ""Nhóm tuổi"", ""feature_group"": ""DEMOGRAPHIC"", ""mean_abs_shap"": 1.9853092102859216, ""normalized_importance"": 0.5093473600918276}, {""feature"": ""temperature_min_7d"", ""human_label"": ""Nhiệt độ — 7 ngày gần đây"", ""feature_group"": ""WEATHER_7D"", ""mean_abs_shap"": 0.2549161526447502, ""normalized_importance"": 0.06540082961468222}, {""feature"": ""month"", ""human_label"": ""Yếu tố mùa vụ theo tháng"", ""feature_group"": ""SEASONAL_CALENDAR"", ""mean_abs_shap"": 0.25262659165864126, ""normalized_importance"": 0.06481342396623117}, {""feature"": ""humidity_max_7d"", ""human_label"": ""Độ ẩm — 7 ngày gần đây"", ""feature_group"": ""WEATHER_7D"", ""mean_abs_shap"": 0.19951058288312976, ""normalized_importance"": 0.051186076292502915}, {""feature"": ""wind_speed_max_7d"", ""human_label"": ""Gió — 7 ngày gần đây"", ""feature_group"": ""WEATHER_7D"", ""mean_abs_shap"": 0.17729665847432408, ""normalized_importance"": 0.04548691180150906}, {""feature"": ""weather_code_current"", ""human_label"": ""Trạng thái thời tiết — hiện tại"", ""feature_group"": ""WEATHER_CURRENT"", ""mean_abs_shap"": 0.1253962096938108, ""normalized_importance"": 0.03217142601371665}, {""feature"": ""wind_gust_max_7d"", ""human_label"": ""Gió — 7 ngày gần đây"", ""feature_group"": ""WEATHER_7D"", ""mean_abs_shap"": 0.10046326967817244, ""normalized_importance"": 0.02577467576922234}, {""feature"": ""day_of_year_sin"", ""human_label"": ""Thời điểm trong năm"", ""feature_group"": ""SEASONAL_CALENDAR"", ""mean_abs_shap"": 0.09362508917385133, ""normalized_importance"": 0.024020284478605325}, {""feature"": ""temperature_max_7d"", ""human_label"": ""Nhiệt độ — 7 ngày gần đây"", ""feature_group"": ""WEATHER_7D"", ""mean_abs_shap"": 0.08637128523105504, ""normalized_importance"": 0.022159261586178973}, {""feature"": ""temperature_max_current"", ""human_label"": ""Nhiệt độ — hiện tại"", ""feature_group"": ""WEATHER_CURRENT"", ""mean_abs_shap"": 0.0861649501314052, ""normalized_importance"": 0.0221063246241398}]",CANDIDATE_FOR_MEDICAL_EXPLANATION
83,U ác các phần khác của hệ thần kinh trung ương - Malignant neoplasm of other parts of central nervous system,218,1,BETTER,VERY_SIMPLE_MODEL,0.3758650153687568,0.11558806890331409,0.5085469157279292,0.0,0.014435904082335542,0.3614291112864213,models/disease_83.txt,160f6e5900457f4d25567b77eabfbc821f7c82583e0169152933868e8dd0ae2a,6742,45,DEMOGRAPHIC,8.881784197001252e-16,"[{""feature"": ""age_group"", ""human_label"": ""Nhóm tuổi"", ""feature_group"": ""DEMOGRAPHIC"", ""mean_abs_shap"": 0.040472230612264896, ""normalized_importance"": 0.45123471537840404}, {""feature"": ""temperature_max_7d"", ""human_label"": ""Nhiệt độ — 7 ngày gần đây"", ""feature_group"": ""WEATHER_7D"", ""mean_abs_shap"": 0.018458532375256558, ""normalized_importance"": 0.2057986544514265}, {""feature"": ""day_of_year_cos"", ""human_label"": ""Thời điểm trong năm"", ""feature_group"": ""SEASONAL_CALENDAR"", ""mean_abs_shap"": 0.008873801423633929, ""normalized_importance"": 0.09893616435622134}, {""feature"": ""wind_gust_max_7d"", ""human_label"": ""Gió — 7 ngày gần đây"", ""feature_group"": ""WEATHER_7D"", ""mean_abs_shap"": 0.0073907889213222925, ""normalized_importance"": 0.08240169827269363}, {""feature"": ""gender"", ""human_label"": ""Giới tính"", ""feature_group"": ""DEMOGRAPHIC"", ""mean_abs_shap"": 0.005140456862892611, ""normalized_importance"": 0.05731220034952516}, {""feature"": ""precipitation_sum_7d"", ""human_label"": ""Lượng mưa — 7 ngày gần đây"", ""feature_group"": ""WEATHER_7D"", ""mean_abs_shap"": 0.004263087098333716, ""normalized_importance"": 0.04753019204399887}, {""feature"": ""rain_max_daily_7d"", ""human_label"": ""Lượng mưa — 7 ngày gần đây"", ""feature_group"": ""WEATHER_7D"", ""mean_abs_shap"": 0.0023049607556483187, ""normalized_importance"": 0.0256985665183023}, {""feature"": ""day_of_year_sin"", ""human_label"": ""Thời điểm trong năm"", ""feature_group"": ""SEASONAL_CALENDAR"", ""mean_abs_shap"": 0.0014935458155035711, ""normalized_importance"": 0.01665190454709275}, {""feature"": ""wind_gust_max_3d"", ""human_label"": ""Gió — 3 ngày gần đây"", ""feature_group"": ""WEATHER_3D"", ""mean_abs_shap"": 0.001294787876918706, ""normalized_importance"": 0.014435904082335542}, {""feature"": ""month"", ""human_label"": ""Yếu tố mùa vụ theo tháng"", ""feature_group"": ""SEASONAL_CALENDAR"", ""mean_abs_shap"": 0.0, ""normalized_importance"": 0.0}]",CANDIDATE_FOR_MEDICAL_EXPLANATION
69,U ác xương và sụn khớp - Malignant neoplasms of bone and articular cartilage,4138,101,STRONG,NORMAL_MODEL,0.37162110300118883,0.044127174437107876,0.5842517225617033,0.042412558452657886,0.040673572674836705,0.28853497187369426,models/disease_69.txt,d8bf20be2ee5303b9cf12d8bc54cda20cc5abcd06be73faeaef2f7989b474dd4,153418,34,DEMOGRAPHIC,1.0658141036401503e-14,"[{""feature"": ""age_group"", ""human_label"": ""Nhóm tuổi"", ""feature_group"": ""DEMOGRAPHIC"", ""mean_abs_shap"": 1.357995752142156, ""normalized_importance"": 0.5575969546852578}, {""feature"": ""temperature_min_7d"", ""human_label"": ""Nhiệt độ — 7 ngày gần đây"", ""feature_group"": ""WEATHER_7D"", ""mean_abs_shap"": 0.1885590569400328, ""normalized_importance"": 0.07742289013955642}, {""feature"": ""humidity_max_7d"", ""human_label"": ""Độ ẩm — 7 ngày gần đây"", ""feature_group"": ""WEATHER_7D"", ""mean_abs_shap"": 0.1427041114851862, ""normalized_importance"": 0.05859471788456357}, {""feature"": ""temperature_max_7d"", ""human_label"": ""Nhiệt độ — 7 ngày gần đây"", ""feature_group"": ""WEATHER_7D"", ""mean_abs_shap"": 0.082803377564138, ""normalized_importance"": 0.03399930455937372}, {""feature"": ""gender"", ""human_label"": ""Giới tính"", ""feature_group"": ""DEMOGRAPHIC"", ""mean_abs_shap"": 0.06491617510891912, ""normalized_importance"": 0.026654767876445537}, {""feature"": ""wind_speed_max_7d"", ""human_label"": ""Gió — 7 ngày gần đây"", ""feature_group"": ""WEATHER_7D"", ""mean_abs_shap"": 0.059221608087057606, ""normalized_importance"": 0.024316562307958096}, {""feature"": ""day_of_year_cos"", ""human_label"": ""Thời điểm trong năm"", ""feature_group"": ""SEASONAL_CALENDAR"", ""mean_abs_shap"": 0.05261640015749213, ""normalized_importance"": 0.021604444968283915}, {""feature"": ""weather_code_current"", ""human_label"": ""Trạng thái thời tiết — hiện tại"", ""feature_group"": ""WEATHER_CURRENT"", ""mean_abs_shap"": 0.048521464920046734, ""normalized_importance"": 0.019923052803079346}, {""feature"": ""precipitation_sum_7d"", ""human_label"": ""Lượng mưa — 7 ngày gần đây"", ""feature_group"": ""WEATHER_7D"", ""mean_abs_shap"": 0.043200569969600505, ""normalized_importance"": 0.017738278059941267}, {""feature"": ""wind_speed_mean_7d"", ""human_label"": ""Gió — 7 ngày gần đây"", ""feature_group"": ""WEATHER_7D"", ""mean_abs_shap"": 0.04187681077972997, ""normalized_importance"": 0.017194738736019163}]",CANDIDATE_FOR_MEDICAL_EXPLANATION
185,"Bệnh khác của thực quản, dạ dày và tá tràng - Other diseases of oesophagus, stomach, duodenum",9330,105,STRONG,NORMAL_MODEL,0.3687025301550707,0.04769359539531278,0.5836038744496167,0.07556841423420782,0.03641337230008785,0.256720743620775,models/disease_185.txt,df026231076b97f9baf4304fd4b28b78baa5cb7bf7af7f3eb605d3c518466238,149346,127,DEMOGRAPHIC,1.4210854715202004e-14,"[{""feature"": ""age_group"", ""human_label"": ""Nhóm tuổi"", ""feature_group"": ""DEMOGRAPHIC"", ""mean_abs_shap"": 2.063456362454209, ""normalized_importance"": 0.5826746011675727}, {""feature"": ""temperature_min_7d"", ""human_label"": ""Nhiệt độ — 7 ngày gần đây"", ""feature_group"": ""WEATHER_7D"", ""mean_abs_shap"": 0.21803043949721349, ""normalized_importance"": 0.06156699103892423}, {""feature"": ""temperature_max_7d"", ""human_label"": ""Nhiệt độ — 7 ngày gần đây"", ""feature_group"": ""WEATHER_7D"", ""mean_abs_shap"": 0.15078465026855234, ""normalized_importance"": 0.04257826216054539}, {""feature"": ""wind_speed_max_7d"", ""human_label"": ""Gió — 7 ngày gần đây"", ""feature_group"": ""WEATHER_7D"", ""mean_abs_shap"": 0.14581516839822634, ""normalized_importance"": 0.0411749900005479}, {""feature"": ""humidity_max_7d"", ""human_label"": ""Độ ẩm — 7 ngày gần đây"", ""feature_group"": ""WEATHER_7D"", ""mean_abs_shap"": 0.1307568990996432, ""normalized_importance"": 0.0369228666130728}, {""feature"": ""temperature_max_current"", ""human_label"": ""Nhiệt độ — hiện tại"", ""feature_group"": ""WEATHER_CURRENT"", ""mean_abs_shap"": 0.11014500985286138, ""normalized_importance"": 0.031102523345966127}, {""feature"": ""weather_code_current"", ""human_label"": ""Trạng thái thời tiết — hiện tại"", ""feature_group"": ""WEATHER_CURRENT"", ""mean_abs_shap"": 0.09533755734655448, ""normalized_importance"": 0.026921225092991025}, {""feature"": ""rain_max_daily_7d"", ""human_label"": ""Lượng mưa — 7 ngày gần đây"", ""feature_group"": ""WEATHER_7D"", ""mean_abs_shap"": 0.08367439467115087, ""normalized_importance"": 0.02362780499266936}, {""feature"": ""day_of_year_cos"", ""human_label"": ""Thời điểm trong năm"", ""feature_group"": ""SEASONAL_CALENDAR"", ""mean_abs_shap"": 0.07933849100688709, ""normalized_importance"": 0.022403441354917855}, {""feature"": ""wind_gust_max_7d"", ""human_label"": ""Gió — 7 ngày gần đây"", ""feature_group"": ""WEATHER_7D"", ""mean_abs_shap"": 0.07066656065248782, ""normalized_importance"": 0.019954679339619995}]",CANDIDATE_FOR_MEDICAL_EXPLANATION
8,Các dạng lao khác - Other tuberculosis,828,90,STRONG,NORMAL_MODEL,0.3685176319504466,0.1501116292746012,0.481370738774952,0.018980909891490764,0.08608143753404254,0.26345528452491335,models/disease_8.txt,69b69a28d8f3c4907db101b5f2641946b07abd734c636170588a29613d445d21,134937,5,DEMOGRAPHIC,6.217248937900877e-15,"[{""feature"": ""age_group"", ""human_label"": ""Nhóm tuổi"", ""feature_group"": ""DEMOGRAPHIC"", ""mean_abs_shap"": 1.0419724058657875, ""normalized_importance"": 0.46552318860546377}, {""feature"": ""day_of_year_cos"", ""human_label"": ""Thời điểm trong năm"", ""feature_group"": ""SEASONAL_CALENDAR"", ""mean_abs_shap"": 0.18149121491936127, ""normalized_importance"": 0.08108503507147885}, {""feature"": ""temperature_min_7d"", ""human_label"": ""Nhiệt độ — 7 ngày gần đây"", ""feature_group"": ""WEATHER_7D"", ""mean_abs_shap"": 0.17543437203458037, ""normalized_importance"": 0.07837901253505411}, {""feature"": ""day_of_year_sin"", ""human_label"": ""Thời điểm trong năm"", ""feature_group"": ""SEASONAL_CALENDAR"", ""mean_abs_shap"": 0.09680858389319708, ""normalized_importance"": 0.04325128036466016}, {""feature"": ""wind_gust_max_7d"", ""human_label"": ""Gió — 7 ngày gần đây"", ""feature_group"": ""WEATHER_7D"", ""mean_abs_shap"": 0.07359014373410423, ""normalized_importance"": 0.032877951631136784}, {""feature"": ""temperature_mean_7d"", ""human_label"": ""Nhiệt độ — 7 ngày gần đây"", ""feature_group"": ""WEATHER_7D"", ""mean_abs_shap"": 0.06665785473874623, ""normalized_importance"": 0.029780805047132815}, {""feature"": ""month"", ""human_label"": ""Yếu tố mùa vụ theo tháng"", ""feature_group"": ""SEASONAL_CALENDAR"", ""mean_abs_shap"": 0.05769243386706977, ""normalized_importance"": 0.025775313838462183}, {""feature"": ""wind_speed_mean_7d"", ""human_label"": ""Gió — 7 ngày gần đây"", ""feature_group"": ""WEATHER_7D"", ""mean_abs_shap"": 0.055434999105366034, ""normalized_importance"": 0.024766757160357117}, {""feature"": ""rain_max_daily_7d"", ""human_label"": ""Lượng mưa — 7 ngày gần đây"", ""feature_group"": ""WEATHER_7D"", ""mean_abs_shap"": 0.050123151798508875, ""normalized_importance"": 0.022393577139703098}, {""feature"": ""temperature_max_3d"", ""human_label"": ""Nhiệt độ — 3 ngày gần đây"", ""feature_group"": ""WEATHER_3D"", ""mean_abs_shap"": 0.04344426467966412, ""normalized_importance"": 0.019409643198269096}]",CANDIDATE_FOR_MEDICAL_EXPLANATION
144,Bệnh thấp tim mãn - Chronic rheumatic disease,276,24,BETTER,NORMAL_MODEL,0.36800097643732094,0.1718568532357166,0.4601421703269624,0.005632390756829963,0.026278102132459954,0.336090483548031,models/disease_144.txt,98a2bd58c5be8556b371008a04ce6eaf1f92c30f0d1045618fdaff8b211edd95,38637,94,DEMOGRAPHIC,2.6645352591003757e-15,"[{""feature"": ""age_group"", ""human_label"": ""Nhóm tuổi"", ""feature_group"": ""DEMOGRAPHIC"", ""mean_abs_shap"": 0.5551892227230651, ""normalized_importance"": 0.43320345869738025}, {""feature"": ""day_of_year_sin"", ""human_label"": ""Thời điểm trong năm"", ""feature_group"": ""SEASONAL_CALENDAR"", ""mean_abs_shap"": 0.15172186285865916, ""normalized_importance"": 0.11838564774007844}, {""feature"": ""temperature_min_7d"", ""human_label"": ""Nhiệt độ — 7 ngày gần đây"", ""feature_group"": ""WEATHER_7D"", ""mean_abs_shap"": 0.1136290881512898, ""normalized_importance"": 0.08866258922378616}, {""feature"": ""day_of_year_cos"", ""human_label"": ""Thời điểm trong năm"", ""feature_group"": ""SEASONAL_CALENDAR"", ""mean_abs_shap"": 0.0629454766697614, ""normalized_importance"": 0.04911514324603089}, {""feature"": ""wind_gust_max_7d"", ""human_label"": ""Gió — 7 ngày gần đây"", ""feature_group"": ""WEATHER_7D"", ""mean_abs_shap"": 0.05537803105923571, ""normalized_importance"": 0.04321041116945155}, {""feature"": ""wind_speed_mean_7d"", ""human_label"": ""Gió — 7 ngày gần đây"", ""feature_group"": ""WEATHER_7D"", ""mean_abs_shap"": 0.04983281219106436, ""normalized_importance"": 0.03888358367603666}, {""feature"": ""rain_max_daily_7d"", ""human_label"": ""Lượng mưa — 7 ngày gần đây"", ""feature_group"": ""WEATHER_7D"", ""mean_abs_shap"": 0.04105908640811355, ""normalized_importance"": 0.032037614411369285}, {""feature"": ""humidity_min_7d"", ""human_label"": ""Độ ẩm — 7 ngày gần đây"", ""feature_group"": ""WEATHER_7D"", ""mean_abs_shap"": 0.03909520071399037, ""normalized_importance"": 0.030505232224611968}, {""feature"": ""temperature_max_7d"", ""human_label"": ""Nhiệt độ — 7 ngày gần đây"", ""feature_group"": ""WEATHER_7D"", ""mean_abs_shap"": 0.034726481110045934, ""normalized_importance"": 0.027096404450136592}, {""feature"": ""gender"", ""human_label"": ""Giới tính"", ""feature_group"": ""DEMOGRAPHIC"", ""mean_abs_shap"": 0.03452438356739038, ""normalized_importance"": 0.026938711629582158}]",CANDIDATE_FOR_MEDICAL_EXPLANATION
199,Bệnh khác của da và mô tế bào dưới da - Other diseases of skin and subcutaneous tissue,8240,101,STRONG,NORMAL_MODEL,0.3678731234925972,0.07701016130484016,0.5551167152025628,0.06150630774202312,0.03186764143486774,0.27449917431570636,models/disease_199.txt,e409ab166013fd4e3569e1fbe356bdd5c5beab538ac0c844e50c149f2a10c980,149205,140,DEMOGRAPHIC,1.4210854715202004e-14,"[{""feature"": ""age_group"", ""human_label"": ""Nhóm tuổi"", ""feature_group"": ""DEMOGRAPHIC"", ""mean_abs_shap"": 1.927183783889845, ""normalized_importance"": 0.5505377447824157}, {""feature"": ""temperature_min_7d"", ""human_label"": ""Nhiệt độ — 7 ngày gần đây"", ""feature_group"": ""WEATHER_7D"", ""mean_abs_shap"": 0.24441849044235017, ""normalized_importance"": 0.0698229227726551}, {""feature"": ""wind_speed_max_7d"", ""human_label"": ""Gió — 7 ngày gần đây"", ""feature_group"": ""WEATHER_7D"", ""mean_abs_shap"": 0.18534647702283943, ""normalized_importance"": 0.05294784665402327}, {""feature"": ""temperature_max_current"", ""human_label"": ""Nhiệt độ — hiện tại"", ""feature_group"": ""WEATHER_CURRENT"", ""mean_abs_shap"": 0.13461518914731094, ""normalized_importance"": 0.03845546193681284}, {""feature"": ""month"", ""human_label"": ""Yếu tố mùa vụ theo tháng"", ""feature_group"": ""SEASONAL_CALENDAR"", ""mean_abs_shap"": 0.13165689054414753, ""normalized_importance"": 0.03761036607465731}, {""feature"": ""humidity_max_7d"", ""human_label"": ""Độ ẩm — 7 ngày gần đây"", ""feature_group"": ""WEATHER_7D"", ""mean_abs_shap"": 0.10928631492137438, ""normalized_importance"": 0.031219773565629654}, {""feature"": ""wind_gust_max_7d"", ""human_label"": ""Gió — 7 ngày gần đây"", ""feature_group"": ""WEATHER_7D"", ""mean_abs_shap"": 0.10151763114934513, ""normalized_importance"": 0.029000497085859733}, {""feature"": ""rain_max_daily_7d"", ""human_label"": ""Lượng mưa — 7 ngày gần đây"", ""feature_group"": ""WEATHER_7D"", ""mean_abs_shap"": 0.07251280851425657, ""normalized_importance"": 0.020714702147763497}, {""feature"": ""day_of_year_cos"", ""human_label"": ""Thời điểm trong năm"", ""feature_group"": ""SEASONAL_CALENDAR"", ""mean_abs_shap"": 0.06985554746567657, ""normalized_importance"": 0.01995560355155665}, {""feature"": ""day_of_year_sin"", ""human_label"": ""Thời điểm trong năm"", ""feature_group"": ""SEASONAL_CALENDAR"", ""mean_abs_shap"": 0.06806532567300037, ""normalized_importance"": 0.019444191678626203}]",CANDIDATE_FOR_MEDICAL_EXPLANATION
272,"Gãy xương cổ, ngực, khung chậu - Fracture of neck, thorax or pelvis.",204,17,BETTER,NORMAL_MODEL,0.36746892506911355,0.17035941841120644,0.4621716565196801,0.0331879187974961,0.06460701220436393,0.2696739940672535,models/disease_272.txt,985aa2b2af12f6f81069e295fbf7108dd2ab266a882250b052c9477e45796dec,26864,194,DEMOGRAPHIC,2.6645352591003757e-15,"[{""feature"": ""age_group"", ""human_label"": ""Nhóm tuổi"", ""feature_group"": ""DEMOGRAPHIC"", ""mean_abs_shap"": 0.48703788938118314, ""normalized_importance"": 0.46000112499614}, {""feature"": ""day_of_year_sin"", ""human_label"": ""Thời điểm trong năm"", ""feature_group"": ""SEASONAL_CALENDAR"", ""mean_abs_shap"": 0.09618199805262637, ""normalized_importance"": 0.0908426803606587}, {""feature"": ""day_of_year_cos"", ""human_label"": ""Thời điểm trong năm"", ""feature_group"": ""SEASONAL_CALENDAR"", ""mean_abs_shap"": 0.07020473509977518, ""normalized_importance"": 0.06630748414047369}, {""feature"": ""humidity_min_7d"", ""human_label"": ""Độ ẩm — 7 ngày gần đây"", ""feature_group"": ""WEATHER_7D"", ""mean_abs_shap"": 0.06856093005609562, ""normalized_importance"": 0.06475493107252311}, {""feature"": ""temperature_min_7d"", ""human_label"": ""Nhiệt độ — 7 ngày gần đây"", ""feature_group"": ""WEATHER_7D"", ""mean_abs_shap"": 0.06008437970956879, ""normalized_importance"": 0.05674893650720705}, {""feature"": ""temperature_mean_7d"", ""human_label"": ""Nhiệt độ — 7 ngày gần đây"", ""feature_group"": ""WEATHER_7D"", ""mean_abs_shap"": 0.05133803816344367, ""normalized_importance"": 0.04848812756700331}, {""feature"": ""rain_max_daily_7d"", ""human_label"": ""Lượng mưa — 7 ngày gần đây"", ""feature_group"": ""WEATHER_7D"", ""mean_abs_shap"": 0.030403006185958655, ""normalized_importance"": 0.02871525471370424}, {""feature"": ""wind_gust_max_7d"", ""human_label"": ""Gió — 7 ngày gần đây"", ""feature_group"": ""WEATHER_7D"", ""mean_abs_shap"": 0.02266506141874977, ""normalized_importance"": 0.021406863773942582}, {""feature"": ""humidity_max_7d"", ""human_label"": ""Độ ẩm — 7 ngày gần đây"", ""feature_group"": ""WEATHER_7D"", ""mean_abs_shap"": 0.022482021071729492, ""normalized_importance"": 0.02123398448182838}, {""feature"": ""humidity_min_3d"", ""human_label"": ""Độ ẩm — 3 ngày gần đây"", ""feature_group"": ""WEATHER_3D"", ""mean_abs_shap"": 0.017706618806509252, ""normalized_importance"": 0.016723677456020842}]",CANDIDATE_FOR_MEDICAL_EXPLANATION
