MAICD,disease_group_id,report_group_code,disease_group_name
A40.2,17,A40-A41,Nhiễm khuẩn huyết - Septicemia
A21,18,"A21-A22,A24-A28,A31-A32,A38,A42-A49",Các bệnh do vi khuẩn khác - Other bacterial diseases
A00,1,A00,Tả - Cholera
A01,2,A01,"Thương hàn, phó thương hàn - Typhoid and paratyphoid fevers"
A02,6,"A02,A04-A05,A07-A08",Các bệnh nhiễm khuẩn ruột khác - Other intestinal infectious diseases
A03,3,A03,Ỉa chảy do Shigella - Shigellosis
A06,4,A06,Lỵ Amip - Amoebiasis
A09,5,A09,"Ỉa chảy, viêm dạy dày, ruột non có nguồn gốc nhiễm khuẩn - Diarrhoea and gastroenteritis of presumed infectious origin."
A15,7,A15-A16,Lao bộ máy hô hấp - Respiratory tuberculosis
A19,8,A17-A19,Các dạng lao khác - Other tuberculosis
A20,9,A20,Dịch hạch - Plague
A23,10,A23,Bệnh do Brucella - Brucellosis
A30,11,A30,Phong - Leprosy
A33,12,A33,Uốn ván sơ sinh - Tetanus neonatorum
A34,13,A34-A35,Các dạng uốn ván khác - Other tetanus
A36,14,A36,Bạch hầu - Diphtheria
A37,15,A37,Ho gà - Whooping cough
A39,16,A39,Nhiễm khuẩn não mô cầu - Meningococcal infection
B18.9,38,"B15,B17-B19",Viêm gan virut khác - Other viral hepatitis
B20,39,B20-B24,Nhiễm HIV - Human immuno deficiency virus disease
B26,40,B26,Quai bị - Mumps
A81,41,"A81,A87-A89,B03-B04,B07-B09,B25,B27-B34",Bệnh virut khác - Other viral diseases
A49,19,A49,Giang mai bẩm sinh - Congenital syphilis
A50,20,A50,"Giang mai sớm (Giang mai I, II và kín) - Early syphilis"
A51,21,A51-A53,Các loại giang mai khác - Other syphilis
A54,22,A54,Nhiễm lậu cầu khuẩn - Gonococcal infection
A55,23,A55-A56,Nhiễm khuẩn Chlamydia lây truyền qua đường tình dục - Sexually transmitted chlamydial diseases
A57,24,A57-A64,Nhiễm khuẩn khác lây truyền qua đường tình dục - Other infection with a predominantly sexual mode of transmission
A68,25,A68,Sốt hồi quy - Relapsing fever
A71,26,A71,Mắt hột - Trachoma
A75,27,A75,Sốt Rickettsia - Typhus fever
A80,28,A80,Bại liệt cấp - Acute poliomyelitis
A82,29,A82,Dại - Rabies
A83,30,A83-A86,Viêm não Virut - Viral encephalitis
A95,31,A95,Sốt vàng - Yellow fever
A90,32,"A90-A94,A96-A99",Sốt virut khác do tiết túc truyền và sốt virus xuất huyết - Other arthropod
B00,33,B00,Nhiễm virut Héc-pét - Herpesviral infections
B01,34,B01-B02,Thuỷ đậu và zôna - Varicella and Zoster
F16.4,114,F11-F19,Rối loạn tâm thần và ứng xử liên quan dùng các chất kích thích tâm lí khác - Mental and behavioural disorders due to other psychoactive substances use
B05,35,B05,Sởi - Measles
B06,36,B06,Rubella - Rubella
B16,37,B16,Viêm gan B cấp - Acute hepatitis B
B42.1,42,B35-B49,Nấm - Mycoses
B69.8,53,"B68-B71,B75,B77-B83",Bệnh giun sán khác - Other Helminthiases
B90,54,B90,Di chứng lao - Sequelae of tuberculosis
B91,55,B91,Di chứng viêm tủy xám cấp - Sequelae of poliomyelitis
B92,56,B92,Di chứng phong - Sequelae of leprosy
A65,57,"A65-A67,A69-A70,A74,A77-A79,B58-B64,B85-B89,B94-B99",Bệnh nhiễm khuẩn và kí sinh vật khác - Other infectious and parasitic diseases
B50,43,B50-B54,Sốt rét - Malaria
B55,44,B55,Leishamania - Leishmaniasis
B56,45,B56-B57,Trypanosomia - Trypanosomiasis
B65,46,B65,Sán máng - Schistosomiasis
B66,47,B66,Các nhiễm khuẩn do sán lá - Other fluke infections
B67,48,B67,Sán Echinococ - Echinococcosis
B72,49,B72,Giun rồng - Dracunculiasis
B73,50,B73,Giun onchocerca - Onchocerciasis
B74,51,B74,Giun chỉ - Filariasis
B76,52,B76,Giun móc - Hookworm diseases
C31.1,68,"C30-C31,C37-C39",Các u khác cơ quan hô hấp và lồng ngực - Other malignant neplasm of respiratory and intrathoracic
C40,69,C40-C41,U ác xương và sụn khớp - Malignant neoplasms of bone and articular cartilage
C43,70,C43,U ác hắc tố da - Malignant melanoma of skin
C44,71,C44,Các u ác khác của da - Other malignant neoplasms of skin
C45,72,C45-C49,U ác mạc treo và các mô mềm - Malignantneoplasms of mesothelial and soft tissue
C00,58,C00-C14,"U ác môi, khoang miệng, họng - Malignant neoplasm of lip, oral cavity and pharynx"
C15,59,C15,U ác thực quản - Malignant neoplasm of oesophagus
C16,60,C16,U ác dạ dày - Malignant neoplasm of stomach
C18,61,C18,U ác đại tràng - Malignant neoplasm of colon
C19,62,C19-C21,"U ác chỗ nối trực tràng sigma, trực tràng, hậu môn và ống hậu môn - Malignant neoplasm of rectosigmoid function, rectum, anus and anal canal"
C22,63,C22,U ác gan và đường mật trong gan - Malignant neoplasm of liver and intrahepatic bile ducts
C25,64,C25,U ác tụy - Malignant neoplasm of pancreas
C17,65,"C17,C23-C24,C26",Các u khác cơ quan tiêu hoá - Other malignant neoplasms of digestive organs
C32,66,C32,U ác thanh quản - Malignant neoplasm of larynx
C33,67,C33-C34,"U ác khí quản, phế quản và phổi - Malignant neoplasms of trachea, bronchus and lung"
C68.8,80,"C64-C66,C68",U ác khác của đường tiết niệu - Other malignant neoplasms of uterinary tract
C69,81,C69,U ác mắt và các phần phụ - Malignant neoplasm of eye and adnexa
C71,82,C71,U ác não - Malignant neoplasm of brain
C70,83,"C70,C72",U ác các phần khác của hệ thần kinh trung ương - Malignant neoplasm of other parts of central nervous system
C73,84,"C73-C80,C97","U ác các khu trú khác, khó định nghĩa, thứ phát, không xác định rõ và phức hợp - Malignant neoplasm of other and ill"
C91,87,C91-C95,Bệnh bạch cầu - Leukaemia
C88,88,"C86,C88-C90,C96","U ác limphô khác, cơ quan tạo máu và tổ chức có liên quan - Other malignant neoplasms of lymphoid, haematopoietic and related tissue"
D06,89,D06,Caxinom cổ tử cung - Carcinoma insitu of cervix uterus
D22,90,D22-D23,U da lành - Benign neoplasm of skin
D24,91,D24,U vú lành - Benign neoplasm of breast
D25,92,D25,U cơ trơn tử cung - Leiomyoma of uterus
C81,85,C81,Bệnh Hodgkin - Hodgkin disease
C82,86,C82-C85,U bạch huyết không phải Hodgkin - Non-Hodgkin's lymphoma
C50,73,C50,U ác vú - Malignant neoplasm of breast
C51,74,"C51-C52,C57-C58",U ác khác cơ quan sinh dục nữ - Malignant neoplasms of female genital organs
C53,75,C53,U ác cổ tử cung - Malignant neoplasm of cervix uteri
C54,76,C54-C55,U ác các phần khác và không xác định của tử cung - Malignant neoplasms of other and unspecified parts of uterus
C61,77,C61,U tiền liệt tuyến - Neoplasm neoplasm of prostate
C60,78,"C60,C62-C63",U ác khác của cơ quan sinh dục nam - Other malignant neoplasms of male genital organs
C67,79,C67,U ác bàng quang - Malignant neoplasm of bladder
D39.9,96,"D00-D05,D07-D21,D26,D28-D29,D31-D32,D34-D48","U khác insitu, lành tính và các u tiến triển không chắc chắn hoặc chưa rõ - Other insitus and benign neoplasms and neoplasms of uncertain or unknown behaviour"
D27,93,D27,U buồng trứng lành - Benign neoplasm of ovary
D30,94,D30,U lành cơ quan tiết niệu - Benign neoplasm of urinary organs
D33,95,D33,U lành não và các phần khác của hệ thần kinh trung ương - Benign neoplasm of brain and other parts of central nervous system
D61.8,98,D51-D64,Thiếu máu khác - Other anaemias
D65,99,D65-D77,"Tổn thương chảy máu, bệnh khác của máu và cơ quan tạo máu - Haemorrhagic conditions and other diseases of blood, blood"
D82.8,100,D80-D89,Một số rối loạn hệ miễn dịch - Certain disorders involving the immune mechanism
E00,101,E00-E02,Tổn thương tuyến giáp liên quan đến thiếu iod - Iodine deficiency- related thyroid disorders
E05,102,E05,Nhiễm độc do tuyến giáp (cường giáp) - Thyrotoxicosis
E03,103,"E03-E04,E06-E07",Tổn thương khác của tuyến giáp - Other disorders of thyroid.
D50,97,D50,Thiếu máu do thiếu sắt - Iron deficiency anaemia
E58,111,"E15-E35,E58-E63,E65,E67-E84,E85,E87,E88-E89,E90","Bệnh khác về nội tiết, dinh dưỡng và chuyển hoá - Other endocrine, nutritional and metabolic disorders"
E10,104,E10-E14,Đái tháo đường - Diabetes mellitus.
G73.3,129,"G10-G14,G21-G26,G31-G32,G36-G37,G46-G47,G60-G73,G90-G99",Bệnh khác của hệ thần kinh - Other diseases of the nervous system
F10.0,113,F10,Rối loạn tâm thần và ứng xử liên quan uống rượu - Mental and behavioural disorders due to use of alcohol
E40,105,E40-E46,Suy dinh dưỡng - Malnutrition
E50,106,E50,Thiếu Vitamin A - Vitamin A deficiency
E51,107,E51-E56,Thiếu vitamin khác - Other vitamin deficiencies.
E64,108,E64,Hậu quả của suy dinh dưỡng và thiếu chất dinh dưỡng khác - Sequalae of malnutrition and other nutritional deficiencies
E66,109,E66,Béo phì - Obesity
E86,110,E86,Giảm lượng máu - Volume depletion
G59.0,127,G50-G59,"Tổn thương thần kinh, rễ và đám rối thần kinh - Nerve, nerve root and plexus disorders"
F01,112,F00-F03,Sa sút trí tuệ - Dementia
I39.2,152,"I27-I43,I51-I52",Bệnh tim khác - Other heart diseases
F31.2,116,F30-F39,Rối loạn khí sắc - Mood ( affective) disorders.
F40,117,F40-F48,"Loạn thần kinh, rối loạn gắn liền với các yếu tố stress và các rối loạn thuộc thân thể - Neurotic, sterss - related and somatoform disorders"
F20,115,F20-F29,"Tâm thần phân liệt, rối loạn dạng phân liệt và hoang tưởng - Schizophrenia, schiztypal and delusional disorders"
G03.0,120,G00-G09,Viêm hệ thần kinh trung ương - Inflamatory diseases of the central nervous system
G20,121,G20,Parkinson - Parkinson’s disease
G30,122,G30,Alzheimer - Alzheimer’s disease
G35,123,G35,Xơ cứng nhiều nơi - Multiple sclerosis
G40,124,G40-G41,Động kinh - Epilepsy
G43,125,G43-G44,Đau nửa đầu và các hội chứng đau đầu khác - Migraine and other headache syndromes.
G45,126,G45,Cơn thiếu máu não thoáng qua và các hội chứng tương tự - Transient cerebral ischaemic attacks and related syndromes
F70,118,F70-F79,Chậm phát triển tâm thần - Mental retardation
F04,119,"F04-F09,F50-F69,F80-F99",Rối loạn tâm thần và nhân cách khác - Other mental and behavioural disorders
G80.8,128,G80-G83,"Liệt não, hội chứng liệt khác - Cerebral palsy and other paralytic syndromes"
K31.7,185,"K20-K23,K28,K30-K31","Bệnh khác của thực quản, dạ dày và tá tràng - Other diseases of oesophagus, stomach, duodenum"
K35.2,186,K35-K38,Bệnh của ruột thừa - Diseases of appendix
J09,168,J09-J11,Cúm - Influenza
J99.0,179,"J22,J61-J99",Bệnh khác của bộ máy hô hấp - Other diseases of respiratory system.
K43.2,188,K41-K46,Các thoát vị khác - Other hernia
J12.3,169,J12-J18,Các bệnh viêm phổi - Pneumonia
K93.0,197,"K87-K93,K82-K83",Bệnh khác của bộ máy tiêu hoá - Other diseases of the digestive system
K02.5,180,K02,Sâu răng - Dental caries
M82.0,208,M80-M85,Di tật về mật độ và cấu trúc của xương - Disorders of bone density and structure
M01.2,203,"M00-M03,M22-M25",Bệnh khác của khớp - Other joint disorders
H31.1,139,"H30-H32,H34-H36,H43-H48,H51,H53-H55,H57-H59",Các bệnh khác của mắt và phần phụ mắt - Other diseases of the eye and adnexa
H00,130,H00-H01,Viêm mi mắt - Inflammation of eyelid
H10,131,H10-H13,"Viêm kết mạc, tổn thương khác của kết mạc - Conjunctivitis and other disoders of conjunctiva"
H15,132,H15-H22,"Viêm giác mạc, tổn thương khác của củng mạc và giác mạc - Keratitis and other disorders of sclera and cornea."
I68.8,156,I65-I69,Bệnh mạch máu não khác - Other cerebrovascular diseases
H25,133,H25-H28,"Đục thể thuỷ tinh, tổn thương khác của thể thuỷ tinh - Cataract and other disorders of lens"
I74.2,159,I74,Nghẽn và huyết khối động mạch - Arterial embolism and thrombosis
H33,134,H33,Bong và rách võng mạc - Retinal detachments and breaks
H40,135,H40-H42,Glôcôm - Glaucoma
H49,136,H49-H50,Lác mắt - Strabismus
H52,137,H52,"Tật khúc xạ, các rối loạn điều tiết - Disorders of refraction and accomodation"
H54,19,H54,Giang mai bẩm sinh - Congenital syphilis
H90.4,141,H90-H91,Mất thính giác - Hearing loss
H60,142,"H60-H62,H80-H83,H92-H95",Bệnh khác của tai và xương chũm - Other diseases of the ear and mastoid process
I12.9,146,I11-I15,Bệnh tăng huyết áp khác - Other hypertensive diseases
I21,147,I21-I22,Nhồi máu cơ tim - Acute myocardial infarction
I20,148,"I20,I23-I25",Bệnh tim thiếu máu cục bộ khác - Other ischaemic heart diseases
I26,149,I26,Tắc động mạch phổi - Pulmonary embolism
I44,150,I44-I49,Rối loạn dẫn truyền và loạn nhịp tim - Conduction disorders and cardiac arrhythymias
I00,143,I00-I02,Thấp khớp cấp - Acute rheumatic heart disease
I05,144,I05-I09,Bệnh thấp tim mãn - Chronic rheumatic disease
I10,145,I10,Tăng huyết áp nguyên phát - Essential (primary) hypertension
H65,140,H65-H75,"Viêm tai giữa, bệnh khác của tai giữa và xương chũm - Otitis media and other disorders of middle ear and mastoid"
I73.1,158,I73,Bệnh mạch máu ngoại vi khác - Other peripheral vascular disease
I77,164,"I85-I99, I77-I79,I95-I99",Các bệnh khác của bộ máy tuần hoàn - Other diseases of the circulatory system
I71,160,I71-I72,"Bệnh khác của động mạch, tiểu động mạch và mao mạch - Other diseases of arteries, arterioles and capillaries"
I80,161,I80-I82,"Viêm tĩnh mạch, viêm tĩnh mạch huyết khối, nghẽn mạch và huyết khối tĩnh mạch - Phlebitis, thrombophlebitis,venous embolism and thrombosis"
I83,162,I83,Dẫn tĩnh mạch chi dưới - Varicose veins of lower extremities
I50,151,I50,Suy tim - Heart failure
I60,153,I60-I62,Chảy máu não - Intracerebral haemorrhage
I63,154,I63,Nhồi máu não - Cerebral infarction
I64,155,I64,"Tai biến mạch máu não, không xác định rõ chảy máu hoặc do nhồi máu - Stroke, not specified as haemorrhage or infarction"
I70,157,I70,Xơ vữa động mạch - Atherosclerosis
J01.2,167,"J00-J01,J05-J06",Viêm cấp đường hô hấp trên khác - Other acute upper respiratory infections
J39.3,174,J36-J39,Bệnh khác đường hô hấp trên - Other diseases of upper respiratory tract
J40,175,J40-J44,"Viêm phế quản tràn khí và các bệnh phổi tắc nghẽn mạn tính - Bronchitis, emphysema and other chronic obstructive diseases"
J45,176,J45-J46,Hen - Asthma
J47,177,J47,Giãn phế quản - Bronchiectasis
J60,178,J60,Bệnh phổi không do phế cầu khuẩn - Pneumoconiosis
J20,170,J20-J21,Viêm phế quản và viêm tiểu phế quản cấp - Acute bronchitis and acute bronchiolitis
J32,171,J32,Viêm xoang mạn tính - Chronic sinusitis
J30,172,"J30-J31,J33-J34",Bệnh của mũi và các xoang phụ của mũi - Other diseases of nose and nasal sinuses
J35,173,J35,Bệnh mạn tính của amidan và của VA - Chronic diseases of tonsils and adenoids
J02,165,J02-J03,Viêm họng và viêm amidan cấp - Acute pharyngitis and acute tonsillitis
J04,166,J04,"Viêm thanh, khí quản cấp - Acute laryngitis and tracheitis"
K50,189,K50-K51,Bệnh Crohn (viêm ruột non từng vùng) và viêm loét đại tràng - Crohn’s disease and ulcerative colitis
K56,190,K56,"Tắc liệt ruột và tắc ruột không do thoát vị - Paralytic ileus, intestinal obstruction without hernia"
K57,191,K57,Bệnh túi thừa của ruột non - Diverticular disease of intestine
K52,192,"K52-K55,K58-K67",Bệnh khác của ruột non và màng bụng - Other diseases of intestine peritoneum
K00,181,"K03-K08,K00-K01",Tổn thương khác liên quan đến răng và mô quanh răng - Other disorders of teeth and supporting structures
K09,182,K09-K14,"Bệnh khác của khoang miệng, tuyến nước bọt và hàm - Other diseases of the oral cavity, salivary glands and jaws"
K25,183,K25-K27,Loét dạ dày và tá tràng - Gastric and duodenal ulcer
K29,184,K29,Viêm dạ dày và tá tràng - Gastritis and duodenitis
K40,187,K40,Thoát vị bẹn - Inguinal hernia
Q98.8,266,Q90-Q99,"Dị thường nhiễm sắc thể, chưa xếp ở chỗ khác - Chromosomal abnormalities, not elsewhere sclassified"
R10,267,R10,Đau bụng và khung chậu - Abdominal and pelvic pain
R50,268,R50,Sốt không rõ nguyên nhân - Fever of unknown origin
R54,269,R54,Lão suy - Senility
R00,270,"R00-R09,R11-R49,R51-R53,R55-R99","Các triệu chứng, dấu hiệu và kết quả bất thường về khám lâm sàng và xét nghiệm khác, chưa xếp ở chỗ khác - Other symptoms, signs and abnormal clinical and laboratory findings, not elsewhere classified"
S08.9,280,"S07-S08,S17-S18,S28,S38,S47-S48,S57-S58,S67-S68,S77-S78,S87-S88,S97-S98,T04-T05",Chấn thương dập nát và cắt cụt đã xác định và nhiều vùng trong cơ thể - Fracture of other lim bones
T01.2,281,"S00-S01,S04,S09-S11,S14-S16,S19-S21,S24-S25,S29-S31,S34-S35,S39-S41,S44-S46,S49-S51,S54-S56,S59-S61,S64-S66,S69-S71,S74-S76,S79-S81,S84-S86,S89-S91,S94-S96,S99-T01,T06-T07,T09,T13-T14","Các tổn thương khác do chấn thương xác định và ở nhiều nơi - Other injuries of specified, unspecified and multiple body regions"
Q28.3,256,Q20-Q28,Dị tật bẩm sinh khác của bộ máy tuần hoàn - Congenital malfor-mation of the circulatory system
Q35,257,Q35-Q37,Sứt môi và hở hàm ếch - Cleft lip and cleft palate
Q41,258,Q41,"Không có, tịt hoặc hẹp ruột non - Absence, atresia and stenosis of small intestine"
Q38,259,"Q38-Q40,Q42-Q45",Dị tật bẩm sinh khác của bộ máy sinh dục tiết niệu - Other malformations of the genitourinary system
T15,282,T15-T19,Hậu quả do dị vật vào hốc tự nhiên - Effects of foreign body entert hrough natural orifice
T20,283,T20-T32,Bỏng và sự ăn mòn - Burnss and corrosions
Q53,260,Q53,Tinh hoàn lạc chỗ - Undescended testicle
Q50,261,"Q50-Q52,Q54-Q64",Dị dạng bẩm sinh của bộ máy sinh dục tiết niệu - Congenital malformations of genital organs
Q65,262,Q65,Dị dạng bẩm sinh hông - Congenital deformities of hip
Q66,263,Q66,Dị dạng bẩm sinh bàn chân - Congenital deformities of feet
Q67,264,Q67-Q79,Dị dạng bẩm sinh khác của hệ xương và cơ - Other congenital malformations and deformations of the musculo skeletal system
P37.9,250,P35-P37,Nhiễm khuẩn và kí sinh vật bẩm sinh - Congenital infectious and parasitic diseases
P38,251,P38-P39,Nhiễm khuẩn đặc hiệu khác thời kỳ chu sinh - Other infectious specific to the perinatal period
P55,252,P55,Bệnh tan máu của thai và sơ sinh - Haemolytic disease of fetus and newborn.
P08,253,"P08,P29,P50-P54,P56-P96",Tổn thương khác có nguồn gốc trong thời kỳ chu sinh - Other conditions originating in the perinatal period
S02,271,S02,Vỡ xương sọ và các xương mặt - Fracture of skull and facial bones
Q10,265,"Q10-Q18,Q30-Q34,Q80-Q89",Dị dạng bẩm sinh khác - Other congenital malformations
S12,272,"S12,S22,S32,T08","Gãy xương cổ, ngực, khung chậu - Fracture of neck, thorax or pelvis."
S72,273,S72,Gãy xương đùi - Fracture of femur
S42,274,"S42,S52,S62,S82,S92,T10,T12",Gãy các phần khác của chi do lao động và giao thông - Fracture of other lim bones
T02,275,T02,Gãy nhiều xương của cơ thể do lao động và giao thông - Fractures involving multiple body regions
S03,276,"S03,S13,S23,S33,S43,S53,S63,S73,S83,S93,T03","Sai khớp, bong gân, tổn thương khu trú và ở nhiều vùng cơ thể - Dislocations, sprains and strains of specified and multiple body regions"
Q05,254,Q05,Gai đôi cột sống - Spina bifida
Q00,255,"Q00-Q04,Q06-Q07",Dị tật bẩm sinh khác của hệ thần kinh - Other congenital malforma
S05,277,S05,Thương tổn do chấn thương ở mắt và hốc mắt - Injury of eye and orbit
S06,278,S06,Thương tổn do chấn thương trong sọ - Intracranial injury
S26,279,"S26-S27,S36-S37",Thương tổn do chấn thương các nội tạng khác - Injury of other internal organs
M75.9,207,M60-M79,Tổn thương các mô mềm - Soft tissue disorders
N99.1,233,"N82,N84-N90,N93-N94,N96,N98-N99",Bệnh khác của bộ máy sinh dục tiết niệu - Other disorders of genitourinary tract
O03,234,O03,Xẩy thai tự nhiên - Spontaneous abortion
O04,235,O04,Xẩy thai do can thiệp y tế - Medical abortion
O00,236,"O00-O02,O05-O08",Xẩy thai khác - Other pregnancies with abortive outcome
P00.6,245,P00-P04,"Bệnh lí thai nhi và sơ sinh do biến chứng thai nghén, chửa, đẻ - Fetus and newborn affected by maternal factors and by complications of pregnancy, labour and delivery"
L63,199,L10-L99,Bệnh khác của da và mô tế bào dưới da - Other diseases of skin and subcutaneous tissue
M86,209,M86,Viêm xương tuỷ - Osteomyelitis
M87,210,M87-M99,"Bệnh khác của hệ xương khớp, cơ và mô liên kết - Other diseases of the musculo-skeletal system and connective tissue"
O10,237,O10-O16,"Phù nề, protein-niệu, tăng huyết áp, rối loạn thai nghén, đẻ và sau đẻ - Oedema,proteinuria, hyper- tensive disorders in pregnancy, childbirth and the puerperium"
P05,246,P05-P07,"Thai chậm phát triển, suy dinh dưỡng, rối loạn gắn liền với thai nghén và cân nặng không đủ khi sinh - Slow fetal growth, fetal malnutrition and disorders related to short gestation and low birth weight"
P10,247,P10-P15,Các chấn thương sản khoa - Birth trauma
K77.0,194,K71-K77,Các bệnh khác của gan - Other diseases of liver
O44,238,O44-O46,"Rau tiền đạo, rau bong sớm (U máu sau rau) và chảy máu trước khi đẻ - Placeta praevia, premature separation of placenta and antepartum haemorrhage"
O30,239,"O30-O43,O47-O48","Chăm sóc khác cho người mẹ liên quan đến thai, buồng ối và những vấn đề có thể xảy ra do đẻ - Other maternal care related to fetus and amniotic cavity and possible delivery problems"
P20,248,P20-P21,Thiếu ô xy trong tử cung và trong đẻ - Intrauterine hypoxis and birth asphyxia
P22,249,P22-P28,Các tổn thương hô hấp đặc hiệu khác của thời kỳ chu sinh - Other respiratory disorders originating in the perinatal period
N00,211,N00-N01,Hội chứng viêm thận cấp và tiến triển nhanh - Acute and rapidly prograssive nephritis syndromes
N02,212,N02-N08,Bệnh cầu thận khác - Other glomerular diseases
M05,200,M05-M14,"Viêm khớp dạng thấp và viêm khớp khác - Rheumatoid arthritis, other inflamatory polyarthropaties"
N10,213,N10-N16,Bệnh ống thận kẽ - Renal tubulo-interstitial diseases
N17,214,N17-N19,Suy thận - Renal failure
N20,215,N20-N23,Sỏi tiết niệu - Urolithiasis
O64,240,O64-O66,Đẻ khó do cản trở (vật chướng ngại) - Obstructed labour
M15,201,M15-M19,Bệnh thoái hoá khớp - Arthrosis
N30,216,N30,Viêm bàng quang - Cystitis
N25,217,"N25-N29,N31-N39",Bệnh khác của bộ máy tiết niệu - Other diseases of the urnary system
K85.0,196,K85-K86,Viêm tuỵ cấp và bệnh khác của tuỵ - Acute pancreatitis and other diseases of pancreas
O72,241,O72,Chảy máu sau đẻ - Postpartum haemorrhage
O20,242,"O20-O29,O60-O63,O67-O71,O73-O75,O81-O84",Các biến chứng khác của chửa đẻ - Other complications pregnancy and delivery
K70,193,K70,Bệnh gan do rượu - Alcoholic liver disease
M20,202,M20-M21,Biến dạng các chi mắc phải - Accquired deformities of limbs
K80,195,K80-K81,Sỏi mật và viêm túi mật - Cholelithiasis and cholecystitis
N40,218,N40,Quá sản tuyến tiền liệt - Hyperplasia of prostate
N41,219,N41-N42,Tổn thương khác của tuyến tiền liệt - Other disorders of prostate
N43,220,N43,"Tràn dịch tinh mạc, u nang tinh dịch - Hydrocele and spermatocele"
N47,221,N47,"Thừa bao qui đầu, hẹp và nghẹt bao qui đầu - Redundant prepuce, phimosis and paraphimosis"
N48,222,"N44-N46,N48,N49-N51",Bệnh khác của cơ quan sinh dục nam - Other diseases of male genital organs
M30,204,M30-M36,Bệnh của hệ thống tổ chức liên kết - Systematic connective tissue disorders
N60,223,N60-N64,Tổn thương của vú - Disorders of breast
L00,198,L00-L08,Bệnh nhiễm khuẩn da và mô tế bào dưới da - Infections of skin and subcutaneous tissue
M50,205,M50-M51,Trật đốt sống cổ và các đốt sống khác - Cervical and other interverbral disc disorders
N70,224,N70,Viêm vòi trứng và viêm buồng trứng - Salpingitis and oophoritis
N72,225,N72,Viêm nhiễm cổ tử cung - Inflamatory disease of cervix uteri
N71,226,"N71,N73-N77",Tổn thương viêm khác của các cơ quan khung chậu nữ - Other inflamatory diseases of female pelvic organs
M40,206,"M40-M49,M53-M54",Bệnh khác của cột sống - Other dorsopathies
N80,227,N80,Viêm niêm mạc tử cung - Endometriosis
N81,228,N81,Sa sinh dục nữ - Female genital prolapse
N83,229,N83,"Tổn thương không viêm của buồng trứng, vòi fallope và dây chằng rộng - Noinflammatory disorders of ovary, fallopian tube and broad ligament"
O80,243,O80,Đẻ tự nhiên đơn giản - Single spontaneous delivery
O85,244,O85-O99,"Các biến chứng liên quan sinh đẻ và những vấn đề sản khoa chưa xếp ở chỗ khác - Complications predominantly related to the puerperium obstetric conditions, not elsewhere classified"
N91,230,N91-N92,Rối loạn kinh nguyệt - Disorders of menstruation
N95,231,N95,Rối loạn mãn kinh và xung quanh mãn kinh khác - Menopausal other perimenopausal disorders
N97,232,N97,Vô sinh nữ - Female infertility
Z30.2,307,Z30,Quản lí các biện pháp tránh thai - Contraceptive management
Z63.7,312,"Z31-Z33,Z37,Z55-Z99",Bệnh do tiếp xúc với dịch vụ y tế vì những lý do khác - Person encoutering health services for other reasons
Y56.0,300,Y40-Y59,Tai biến của thuốc và các chất sinh học trong điều trị - Drugs medicament and biological substances causing adverseeffects in therapeutic use.
Y63.0,301,Y60-Y69,Tai nạn rủi ro với người bệnh trong chăm sóc nội khoa - Misadventures to patients during surgical and medical care.
X34.0,296,X20-X29,Tai nạn do tiếp xúc với động vật và cây độc - Contact with venomous animals and plants
X59.0,297,X40-X49,Tai nạn ngộ độc do các chất độc - Accident poisoning by and exposure to noxious substances
U04,313,U07.1,COVID-19 * U07.1 là bệnh nhân COVID-19 có kết quả xét nghiệm SARS-CoV-2 dương tính cập nhật theo hướng dẫn chẩn đoán và điều trị của Bộ Y tế.
Z52.6,311,Z40-Z54,Bệnh do tiếp xúc với dịch vụ y tế phải chăm sóc và khám xét đặc biệt - Persons encountering health services for specific procedures and health care
V82.1,290,V01-V99,Tai nạn giao thông - Transport accidént
T78,287,"T33-T35,T66-T73,T75-T78",Hậu quả của các nguyên nhân bên ngoài khác và không xác định - Other and unspecified effects of external causes
T79,288,T79-T88,"Một số biến chứng sớm của chấn thương, của chăm sóc ngoại khoa và y học, chưa xếp ở nơi khác - Certain early complications of trauma and complications of surgical and medical care, not elsewhere classified"
T90,289,T90-T98,"Di chứng, thương tổn do chấn thương, do ngộ độc và hậu quả khác do nguyên nhân bên ngoài - Sequalae of injuries, of poisoning and of other consequences of external causes"
W00,291,W00-W64,Tai nạn do các nguyên nhân sức mạnh cơ học và không cố ý - exposure to inanimate mechanical forces
Y70,302,Y70-Y84,Tai nạn do sử dụng thiết bị trong chẩn đoán và điều trị - Medical devices associated with adverse incidents in diagnostic and therapeutic use
T54.9,285,T51-T65,Tác hại của các chất có nguồn gốc chủ yếu không phải thuốc - Toxic effects of substances chiefly nonmedical as to source
T38.2,284,T36-T50,Nhiễm độc thuốc và các sinh phẩm - Poisoning by drugs and biological substances
Y90,303,Y90-Y98,Các yếu tố tăng cường cho nguyên nhân bệnh tật tử vong đã có trong phân loại - Supplementary factors related to cause of morbidity classified elswhere
W65,292,W65-W84,"Tai nạn chết đuối, chết chìm - Accident drowning and submersion"
W85,293,W85-W99,"Tai nạn do dòng điện bức xạ, nhiệt độ và áp lực không khí quá cao - exposure to electric current radiation and extreme ambian air temperature and pressure"
Z00,304,Z00-Z01,Người tiếp xúc với các dịch vụ y tế làm các khám xét và điều tra - Person encountering health services for examination and investigation
X00,294,X00-X09,"Tai nạn do khói, lửa, đám cháy - expossure to smoke, fire and fpames"
X10,295,X10-X19,Tai nạn do tiếp xúc với các chất nóng - contact with heat and hot
X60,298,X60-X84,Tự tử - Intentional self-harm
X85,299,X85-Y09,Bạo lực đánh nhau - Assault
Z21,305,Z21,Nhiễm HIV không có triệu chứng - Asymptomatic human immuno deficiency virus infection status
Z20,306,"Z20,Z22-Z29",Người có nguy cơ liên quan đến bệnh truyền nhiễm - Other persons with potential health hazards related to communicable diseases
T74,286,T74,Các hội chứng do điều trị xấu - Maltreatment syndromes
Z34,308,Z34-Z36,Giám sát thai nghén và phát hiện trước đẻ - Antenatal screening and other supervision of pregnancy
Z38,309,Z38,Trẻ đẻ ra sống phân theo nơi sinh - Liveborn infants according to place of birth
Z39,310,Z39,Chăm sóc và khám xét sau đẻ - Postpartum care and examination
