disease_group_id,disease_group_name,report_group_code,support_level,model_supported,train_support_rows,train_support_case_count,validation_support_rows,validation_support_case_count,validation_recall_top_1,validation_recall_top_5,test_support_rows,test_support_case_count,test_recall_top_1,test_recall_top_5
1,Tả - Cholera,A00,insufficient,True,1,1,1,1,0.0,0.0,2,2,0.0,0.0
100,Một số rối loạn hệ miễn dịch - Certain disorders involving the immune mechanism,D80-D89,medium,True,139,152,38,47,0.0,0.0,49,57,0.0,0.0
101,Tổn thương tuyến giáp liên quan đến thiếu iod - Iodine deficiency- related thyroid disorders,E00-E02,insufficient,True,2,2,0,0,,,0,0,,
102,Nhiễm độc do tuyến giáp (cường giáp) - Thyrotoxicosis,E05,low,True,39,39,14,14,0.0,0.0,3,3,0.0,0.0
103,Tổn thương khác của tuyến giáp - Other disorders of thyroid.,"E03-E04,E06-E07",low,True,78,81,16,16,0.0,0.0,24,24,0.0,0.0
104,Đái tháo đường - Diabetes mellitus.,E10-E14,medium,True,346,369,105,115,0.0,0.0,95,101,0.0,0.0
105,Suy dinh dưỡng - Malnutrition,E40-E46,low,True,60,61,6,6,0.0,0.0,15,15,0.0,0.0
107,Thiếu vitamin khác - Other vitamin deficiencies.,E51-E56,insufficient,True,6,6,0,0,,,2,2,0.0,0.0
109,Béo phì - Obesity,E66,low,True,33,34,4,4,0.0,0.0,5,5,0.0,0.0
111,"Bệnh khác về nội tiết, dinh dưỡng và chuyển hoá - Other endocrine, nutritional and metabolic disorders","E15-E35,E58-E63,E65,E67-E84,E85,E87,E88-E89,E90",high,True,563,676,199,217,0.0,0.009216589861751152,225,243,0.0,0.0
114,Rối loạn tâm thần và ứng xử liên quan dùng các chất kích thích tâm lí khác - Mental and behavioural disorders due to other psychoactive substances use,F11-F19,insufficient,False,0,0,1,1,0.0,0.0,0,0,,
115,"Tâm thần phân liệt, rối loạn dạng phân liệt và hoang tưởng - Schizophrenia, schiztypal and delusional disorders",F20-F29,insufficient,True,4,4,5,5,0.0,0.0,2,2,0.0,0.0
116,Rối loạn khí sắc - Mood ( affective) disorders.,F30-F39,insufficient,True,6,6,3,3,0.0,0.0,2,2,0.0,0.0
117,"Loạn thần kinh, rối loạn gắn liền với các yếu tố stress và các rối loạn thuộc thân thể - Neurotic, sterss - related and somatoform disorders",F40-F48,low,True,73,74,31,31,0.0,0.0,25,26,0.0,0.0
118,Chậm phát triển tâm thần - Mental retardation,F70-F79,low,True,44,44,7,7,0.0,0.0,4,4,0.0,0.0
119,Rối loạn tâm thần và nhân cách khác - Other mental and behavioural disorders,"F04-F09,F50-F69,F80-F99",low,True,128,130,31,31,0.0,0.0,31,33,0.0,0.0
120,Viêm hệ thần kinh trung ương - Inflamatory diseases of the central nervous system,G00-G09,high,True,614,661,310,347,0.0,0.0,252,281,0.0,0.0
123,Xơ cứng nhiều nơi - Multiple sclerosis,G35,insufficient,True,10,10,2,2,0.0,0.0,2,2,0.0,0.0
124,Động kinh - Epilepsy,G40-G41,high,True,1394,1623,557,689,0.0,0.0,605,754,0.0,0.0
125,Đau nửa đầu và các hội chứng đau đầu khác - Migraine and other headache syndromes.,G43-G44,low,True,84,84,29,29,0.0,0.0,37,37,0.0,0.0
126,Cơn thiếu máu não thoáng qua và các hội chứng tương tự - Transient cerebral ischaemic attacks and related syndromes,G45,insufficient,True,6,6,3,3,0.0,0.0,1,1,0.0,0.0
127,"Tổn thương thần kinh, rễ và đám rối thần kinh - Nerve, nerve root and plexus disorders",G50-G59,low,True,73,75,18,18,0.0,0.0,14,14,0.0,0.0
128,"Liệt não, hội chứng liệt khác - Cerebral palsy and other paralytic syndromes",G80-G83,low,True,20,20,2,2,0.0,0.0,3,3,0.0,0.0
129,Bệnh khác của hệ thần kinh - Other diseases of the nervous system,"G10-G14,G21-G26,G31-G32,G36-G37,G46-G47,G60-G73,G90-G99",medium,True,544,568,141,149,0.0,0.0,120,123,0.0,0.0
13,Các dạng uốn ván khác - Other tetanus,A34-A35,insufficient,True,3,3,0,0,,,0,0,,
130,Viêm mi mắt - Inflammation of eyelid,H00-H01,insufficient,True,15,17,0,0,,,1,1,0.0,0.0
131,"Viêm kết mạc, tổn thương khác của kết mạc - Conjunctivitis and other disoders of conjunctiva",H10-H13,low,True,37,37,6,7,0.0,0.0,6,6,0.0,0.0
132,"Viêm giác mạc, tổn thương khác của củng mạc và giác mạc - Keratitis and other disorders of sclera and cornea.",H15-H22,insufficient,True,7,7,0,0,,,0,0,,
135,Glôcôm - Glaucoma,H40-H42,insufficient,True,1,1,0,0,,,0,0,,
136,Lác mắt - Strabismus,H49-H50,low,True,20,20,4,4,0.0,0.0,4,4,0.0,0.0
137,"Tật khúc xạ, các rối loạn điều tiết - Disorders of refraction and accomodation",H52,insufficient,True,1,1,1,1,0.0,0.0,2,2,0.0,0.0
139,Các bệnh khác của mắt và phần phụ mắt - Other diseases of the eye and adnexa,"H30-H32,H34-H36,H43-H48,H51,H53-H55,H57-H59",low,True,30,30,7,7,0.0,0.0,14,14,0.0,0.0
140,"Viêm tai giữa, bệnh khác của tai giữa và xương chũm - Otitis media and other disorders of middle ear and mastoid",H65-H75,low,True,130,133,30,30,0.0,0.0,24,24,0.0,0.0
141,Mất thính giác - Hearing loss,H90-H91,insufficient,True,1,1,1,1,0.0,0.0,0,0,,
142,Bệnh khác của tai và xương chũm - Other diseases of the ear and mastoid process,"H60-H62,H80-H83,H92-H95",low,True,20,20,7,7,0.0,0.0,12,12,0.0,0.0
143,Thấp khớp cấp - Acute rheumatic heart disease,I00-I02,insufficient,True,3,3,2,2,0.0,0.0,4,4,0.0,0.0
144,Bệnh thấp tim mãn - Chronic rheumatic disease,I05-I09,low,True,14,14,7,7,0.0,0.0,7,7,0.0,0.0
145,Tăng huyết áp nguyên phát - Essential (primary) hypertension,I10,medium,True,116,119,51,55,0.0,0.0,54,56,0.0,0.0
146,Bệnh tăng huyết áp khác - Other hypertensive diseases,I11-I15,insufficient,True,7,7,2,2,0.0,0.0,2,2,0.0,0.0
148,Bệnh tim thiếu máu cục bộ khác - Other ischaemic heart diseases,"I20,I23-I25",insufficient,True,2,2,1,1,0.0,0.0,1,1,0.0,0.0
15,Ho gà - Whooping cough,A37,low,False,0,0,33,37,0.0,0.0,16,16,0.0,0.0
150,Rối loạn dẫn truyền và loạn nhịp tim - Conduction disorders and cardiac arrhythymias,I44-I49,medium,True,131,131,60,62,0.0,0.0,44,45,0.0,0.0
151,Suy tim - Heart failure,I50,low,True,17,17,13,14,0.0,0.0,15,15,0.0,0.0
152,Bệnh tim khác - Other heart diseases,"I27-I43,I51-I52",low,True,109,113,41,41,0.0,0.0,39,40,0.0,0.0
153,Chảy máu não - Intracerebral haemorrhage,I60-I62,low,True,42,43,21,21,0.0,0.0,21,21,0.0,0.0
154,Nhồi máu não - Cerebral infarction,I63,low,True,38,38,16,16,0.0,0.0,10,10,0.0,0.0
155,"Tai biến mạch máu não, không xác định rõ chảy máu hoặc do nhồi máu - Stroke, not specified as haemorrhage or infarction",I64,insufficient,True,1,1,0,0,,,1,1,0.0,0.0
156,Bệnh mạch máu não khác - Other cerebrovascular diseases,I65-I69,low,True,81,82,34,36,0.0,0.0,19,21,0.0,0.0
158,Bệnh mạch máu ngoại vi khác - Other peripheral vascular disease,I73,insufficient,False,0,0,1,1,0.0,0.0,0,0,,
159,Nghẽn và huyết khối động mạch - Arterial embolism and thrombosis,I74,insufficient,True,5,5,3,3,0.0,0.0,0,0,,
16,Nhiễm khuẩn não mô cầu - Meningococcal infection,A39,insufficient,False,0,0,1,1,0.0,0.0,1,1,0.0,0.0
160,"Bệnh khác của động mạch, tiểu động mạch và mao mạch - Other diseases of arteries, arterioles and capillaries",I71-I72,insufficient,True,3,3,2,2,0.0,0.0,0,0,,
161,"Viêm tĩnh mạch, viêm tĩnh mạch huyết khối, nghẽn mạch và huyết khối tĩnh mạch - Phlebitis, thrombophlebitis,venous embolism and thrombosis",I80-I82,low,True,33,33,17,17,0.0,0.0,7,7,0.0,0.0
164,Các bệnh khác của bộ máy tuần hoàn - Other diseases of the circulatory system,"I85-I99, I77-I79,I95-I99",medium,True,126,128,62,63,0.0,0.0,35,37,0.0,0.0
165,Viêm họng và viêm amidan cấp - Acute pharyngitis and acute tonsillitis,J02-J03,high,True,3213,7680,1063,2613,0.03138155376961347,0.7244546498277842,1016,2518,0.017077045274027005,0.8308181096108023
166,"Viêm thanh, khí quản cấp - Acute laryngitis and tracheitis",J04,high,True,644,762,218,272,0.0,0.0,232,279,0.0,0.0
167,Viêm cấp đường hô hấp trên khác - Other acute upper respiratory infections,"J00-J01,J05-J06",high,True,1337,1688,384,443,0.0,0.0,529,697,0.0,0.0
168,Cúm - Influenza,J09-J11,insufficient,True,1,1,0,0,,,3,3,0.0,0.0
169,Các bệnh viêm phổi - Pneumonia,J12-J18,high,True,4727,26244,1318,6006,0.845987345987346,0.97002997002997,1363,7398,0.8152203298188699,0.9680994863476615
17,Nhiễm khuẩn huyết - Septicemia,A40-A41,medium,True,313,324,69,74,0.0,0.0,54,54,0.0,0.0
170,Viêm phế quản và viêm tiểu phế quản cấp - Acute bronchitis and acute bronchiolitis,J20-J21,high,True,3311,10004,953,2560,0.066796875,0.755859375,1022,2775,0.06702702702702702,0.7124324324324325
171,Viêm xoang mạn tính - Chronic sinusitis,J32,insufficient,True,7,7,4,4,0.0,0.0,1,1,0.0,0.0
172,Bệnh của mũi và các xoang phụ của mũi - Other diseases of nose and nasal sinuses,"J30-J31,J33-J34",low,True,34,34,14,14,0.0,0.0,22,23,0.0,0.0
173,Bệnh mạn tính của amidan và của VA - Chronic diseases of tonsils and adenoids,J35,high,True,1412,2683,694,1923,0.18408736349453977,0.6073842953718148,409,733,0.005457025920873124,0.20327421555252387
174,Bệnh khác đường hô hấp trên - Other diseases of upper respiratory tract,J36-J39,low,True,31,31,12,12,0.0,0.0,3,3,0.0,0.0
175,"Viêm phế quản tràn khí và các bệnh phổi tắc nghẽn mạn tính - Bronchitis, emphysema and other chronic obstructive diseases",J40-J44,low,True,25,28,1,1,0.0,0.0,2,2,0.0,0.0
176,Hen - Asthma,J45-J46,high,True,2207,4663,582,1022,0.0,0.49217221135029354,622,1162,0.0,0.1351118760757315
179,Bệnh khác của bộ máy hô hấp - Other diseases of respiratory system.,"J22,J61-J99",medium,True,128,129,59,61,0.0,0.0,57,59,0.0,0.0
18,Các bệnh do vi khuẩn khác - Other bacterial diseases,"A21-A22,A24-A28,A31-A32,A38,A42-A49",insufficient,True,7,7,1,1,0.0,0.0,1,1,0.0,0.0
180,Sâu răng - Dental caries,K02,insufficient,True,1,1,0,0,,,1,1,0.0,0.0
181,Tổn thương khác liên quan đến răng và mô quanh răng - Other disorders of teeth and supporting structures,"K03-K08,K00-K01",low,True,102,105,32,34,0.0,0.0,30,30,0.0,0.0
182,"Bệnh khác của khoang miệng, tuyến nước bọt và hàm - Other diseases of the oral cavity, salivary glands and jaws",K09-K14,high,True,823,959,318,385,0.0,0.0,231,283,0.0,0.0
183,Loét dạ dày và tá tràng - Gastric and duodenal ulcer,K25-K27,medium,True,217,234,58,61,0.0,0.03278688524590164,62,66,0.0,0.0
184,Viêm dạ dày và tá tràng - Gastritis and duodenitis,K29,high,True,1005,1347,451,674,0.002967359050445104,0.20474777448071216,392,584,0.0,0.17123287671232876
185,"Bệnh khác của thực quản, dạ dày và tá tràng - Other diseases of oesophagus, stomach, duodenum","K20-K23,K28,K30-K31",high,True,2051,2657,433,493,0.0,0.010141987829614604,373,425,0.0,0.004705882352941176
186,Bệnh của ruột thừa - Diseases of appendix,K35-K38,high,True,1519,1877,373,440,0.056818181818181816,0.34545454545454546,373,457,0.015317286652078774,0.3916849015317287
187,Thoát vị bẹn - Inguinal hernia,K40,high,True,1669,2462,515,793,0.0,0.0,460,694,0.0,0.004322766570605188
188,Các thoát vị khác - Other hernia,K41-K46,low,True,130,131,27,27,0.0,0.0,22,22,0.0,0.0
189,Bệnh Crohn (viêm ruột non từng vùng) và viêm loét đại tràng - Crohn’s disease and ulcerative colitis,K50-K51,medium,True,118,120,64,66,0.0,0.0,49,50,0.0,0.0
19,Giang mai bẩm sinh - Congenital syphilis,A49,insufficient,True,19,19,7,7,0.0,0.0,8,8,0.0,0.0
190,"Tắc liệt ruột và tắc ruột không do thoát vị - Paralytic ileus, intestinal obstruction without hernia",K56,high,True,1714,2865,478,675,0.0,0.044444444444444446,400,578,0.0,0.10726643598615918
191,Bệnh túi thừa của ruột non - Diverticular disease of intestine,K57,insufficient,True,4,4,1,1,0.0,0.0,4,4,0.0,0.0
192,Bệnh khác của ruột non và màng bụng - Other diseases of intestine peritoneum,"K52-K55,K58-K67",high,True,1047,1153,247,291,0.0,0.0,218,239,0.0,0.0
194,Các bệnh khác của gan - Other diseases of liver,K71-K77,high,True,969,1129,287,351,0.0,0.0,282,333,0.0,0.0
195,Sỏi mật và viêm túi mật - Cholelithiasis and cholecystitis,K80-K81,low,True,60,60,26,26,0.0,0.0,21,21,0.0,0.0
196,Viêm tuỵ cấp và bệnh khác của tuỵ - Acute pancreatitis and other diseases of pancreas,K85-K86,medium,True,285,292,73,74,0.0,0.0,82,84,0.0,0.0
197,Bệnh khác của bộ máy tiêu hoá - Other diseases of the digestive system,"K87-K93,K82-K83",medium,True,559,589,177,187,0.0,0.0,146,155,0.0,0.0
198,Bệnh nhiễm khuẩn da và mô tế bào dưới da - Infections of skin and subcutaneous tissue,L00-L08,high,True,1470,1694,425,499,0.0,0.0,372,413,0.0,0.0
199,Bệnh khác của da và mô tế bào dưới da - Other diseases of skin and subcutaneous tissue,L10-L99,high,True,1624,2015,589,767,0.001303780964797914,0.03650586701434159,506,628,0.0,0.0
2,"Thương hàn, phó thương hàn - Typhoid and paratyphoid fevers",A01,insufficient,False,0,0,1,1,0.0,0.0,1,1,0.0,0.0
20,"Giang mai sớm (Giang mai I, II và kín) - Early syphilis",A50,low,True,23,23,11,11,0.0,0.0,11,11,0.0,0.0
200,"Viêm khớp dạng thấp và viêm khớp khác - Rheumatoid arthritis, other inflamatory polyarthropaties",M05-M14,high,True,513,585,206,257,0.007782101167315175,0.14396887159533073,212,251,0.0,0.099601593625498
201,Bệnh thoái hoá khớp - Arthrosis,M15-M19,insufficient,True,2,2,1,1,0.0,0.0,1,1,0.0,0.0
202,Biến dạng các chi mắc phải - Accquired deformities of limbs,M20-M21,low,True,24,25,9,9,0.0,0.0,9,9,0.0,0.0
203,Bệnh khác của khớp - Other joint disorders,"M00-M03,M22-M25",medium,True,201,207,72,73,0.0,0.0,42,42,0.0,0.0
204,Bệnh của hệ thống tổ chức liên kết - Systematic connective tissue disorders,M30-M36,high,True,1202,1485,354,427,0.20140515222482436,0.4309133489461358,326,389,0.14910025706940874,0.4241645244215938
205,Trật đốt sống cổ và các đốt sống khác - Cervical and other interverbral disc disorders,M50-M51,insufficient,True,8,8,0,0,,,0,0,,
206,Bệnh khác của cột sống - Other dorsopathies,"M40-M49,M53-M54",medium,True,163,170,56,62,0.0,0.0,22,22,0.0,0.0
207,Tổn thương các mô mềm - Soft tissue disorders,M60-M79,medium,True,434,470,137,154,0.0,0.0,133,145,0.0,0.0
208,Di tật về mật độ và cấu trúc của xương - Disorders of bone density and structure,M80-M85,low,True,32,32,13,14,0.0,0.0,58,58,0.0,0.0
209,Viêm xương tuỷ - Osteomyelitis,M86,medium,True,154,158,37,38,0.0,0.0,34,34,0.0,0.0
210,"Bệnh khác của hệ xương khớp, cơ và mô liên kết - Other diseases of the musculo-skeletal system and connective tissue",M87-M99,low,True,44,44,10,10,0.0,0.0,6,6,0.0,0.0
211,Hội chứng viêm thận cấp và tiến triển nhanh - Acute and rapidly prograssive nephritis syndromes,N00-N01,low,True,70,71,33,34,0.0,0.0,38,39,0.0,0.0
212,Bệnh cầu thận khác - Other glomerular diseases,N02-N08,high,True,710,788,228,256,0.0,0.00390625,249,282,0.0,0.0035460992907801418
213,Bệnh ống thận kẽ - Renal tubulo-interstitial diseases,N10-N16,low,True,71,71,12,12,0.0,0.0,10,10,0.0,0.0
214,Suy thận - Renal failure,N17-N19,medium,True,369,394,139,144,0.0,0.0763888888888889,131,144,0.0,0.027777777777777776
215,Sỏi tiết niệu - Urolithiasis,N20-N23,medium,True,138,138,26,26,0.0,0.0,36,37,0.0,0.0
216,Viêm bàng quang - Cystitis,N30,low,True,46,46,12,13,0.0,0.0,5,5,0.0,0.0
217,Bệnh khác của bộ máy tiết niệu - Other diseases of the urnary system,"N25-N29,N31-N39",high,True,941,1027,302,335,0.0,0.0,240,265,0.0,0.0
218,Quá sản tuyến tiền liệt - Hyperplasia of prostate,N40,insufficient,True,2,2,0,0,,,0,0,,
219,Tổn thương khác của tuyến tiền liệt - Other disorders of prostate,N41-N42,insufficient,False,0,0,0,0,,,2,2,0.0,0.0
220,"Tràn dịch tinh mạc, u nang tinh dịch - Hydrocele and spermatocele",N43,medium,True,472,907,49,55,0.0,0.0,29,32,0.0,0.0
221,"Thừa bao qui đầu, hẹp và nghẹt bao qui đầu - Redundant prepuce, phimosis and paraphimosis",N47,high,True,757,1108,302,657,0.0,0.3485540334855403,237,357,0.0,0.0896358543417367
222,Bệnh khác của cơ quan sinh dục nam - Other diseases of male genital organs,"N44-N46,N48,N49-N51",medium,True,262,276,78,83,0.0,0.0,76,84,0.0,0.0
223,Tổn thương của vú - Disorders of breast,N60-N64,low,True,12,12,9,9,0.0,0.0,2,2,0.0,0.0
224,Viêm vòi trứng và viêm buồng trứng - Salpingitis and oophoritis,N70,insufficient,True,6,6,1,1,0.0,0.0,1,1,0.0,0.0
226,Tổn thương viêm khác của các cơ quan khung chậu nữ - Other inflamatory diseases of female pelvic organs,"N71,N73-N77",low,True,37,37,16,16,0.0,0.0,15,15,0.0,0.0
229,"Tổn thương không viêm của buồng trứng, vòi fallope và dây chằng rộng - Noinflammatory disorders of ovary, fallopian tube and broad ligament",N83,medium,True,297,333,81,91,0.0,0.16483516483516483,90,102,0.0,0.06862745098039216
230,Rối loạn kinh nguyệt - Disorders of menstruation,N91-N92,insufficient,True,11,11,4,4,0.0,0.0,1,1,0.0,0.0
233,Bệnh khác của bộ máy sinh dục tiết niệu - Other disorders of genitourinary tract,"N82,N84-N90,N93-N94,N96,N98-N99",low,True,70,71,23,25,0.0,0.0,16,16,0.0,0.0
24,Nhiễm khuẩn khác lây truyền qua đường tình dục - Other infection with a predominantly sexual mode of transmission,A57-A64,insufficient,True,1,1,0,0,,,0,0,,
242,Các biến chứng khác của chửa đẻ - Other complications pregnancy and delivery,"O20-O29,O60-O63,O67-O71,O73-O75,O81-O84",insufficient,True,1,1,0,0,,,0,0,,
245,"Bệnh lí thai nhi và sơ sinh do biến chứng thai nghén, chửa, đẻ - Fetus and newborn affected by maternal factors and by complications of pregnancy, labour and delivery",P00-P04,insufficient,True,1,1,0,0,,,1,1,0.0,0.0
246,"Thai chậm phát triển, suy dinh dưỡng, rối loạn gắn liền với thai nghén và cân nặng không đủ khi sinh - Slow fetal growth, fetal malnutrition and disorders related to short gestation and low birth weight",P05-P07,medium,True,116,127,48,54,0.0,0.0,34,36,0.0,0.0
247,Các chấn thương sản khoa - Birth trauma,P10-P15,insufficient,True,1,1,0,0,,,0,0,,
249,Các tổn thương hô hấp đặc hiệu khác của thời kỳ chu sinh - Other respiratory disorders originating in the perinatal period,P22-P28,low,True,10,10,6,6,0.0,0.0,7,7,0.0,0.0
250,Nhiễm khuẩn và kí sinh vật bẩm sinh - Congenital infectious and parasitic diseases,P35-P37,medium,True,304,341,140,168,0.0,0.0,109,136,0.0,0.0
251,Nhiễm khuẩn đặc hiệu khác thời kỳ chu sinh - Other infectious specific to the perinatal period,P38-P39,low,True,50,51,22,23,0.0,0.0,15,15,0.0,0.0
253,Tổn thương khác có nguồn gốc trong thời kỳ chu sinh - Other conditions originating in the perinatal period,"P08,P29,P50-P54,P56-P96",high,True,1187,1833,486,863,0.0,0.2607184241019699,431,725,0.0,0.2772413793103448
254,Gai đôi cột sống - Spina bifida,Q05,low,True,21,21,1,1,0.0,0.0,1,1,0.0,0.0
255,Dị tật bẩm sinh khác của hệ thần kinh - Other congenital malforma,"Q00-Q04,Q06-Q07",low,True,112,113,23,23,0.0,0.0,15,16,0.0,0.0
256,Dị tật bẩm sinh khác của bộ máy tuần hoàn - Congenital malfor-mation of the circulatory system,Q20-Q28,high,True,1121,1377,404,521,0.0,0.0,417,531,0.0,0.005649717514124294
257,Sứt môi và hở hàm ếch - Cleft lip and cleft palate,Q35-Q37,medium,True,519,554,146,152,0.0,0.0,87,92,0.0,0.0
258,"Không có, tịt hoặc hẹp ruột non - Absence, atresia and stenosis of small intestine",Q41,insufficient,True,4,4,4,4,0.0,0.0,1,1,0.0,0.0
259,Dị tật bẩm sinh khác của bộ máy sinh dục tiết niệu - Other malformations of the genitourinary system,"Q38-Q40,Q42-Q45",high,True,3056,7524,975,2547,0.00039261876717707107,0.7208480565371025,830,2181,0.04126547455295736,0.597890875745071
260,Tinh hoàn lạc chỗ - Undescended testicle,Q53,high,True,824,1211,259,372,0.0,0.0,202,273,0.0,0.0
261,Dị dạng bẩm sinh của bộ máy sinh dục tiết niệu - Congenital malformations of genital organs,"Q50-Q52,Q54-Q64",high,True,1561,2259,409,611,0.0,0.0,367,511,0.0,0.0
262,Dị dạng bẩm sinh hông - Congenital deformities of hip,Q65,low,True,48,49,28,30,0.0,0.0,24,28,0.0,0.0
263,Dị dạng bẩm sinh bàn chân - Congenital deformities of feet,Q66,low,True,47,59,14,16,0.0,0.0,8,8,0.0,0.0
264,Dị dạng bẩm sinh khác của hệ xương và cơ - Other congenital malformations and deformations of the musculo skeletal system,Q67-Q79,medium,True,553,602,205,232,0.0,0.0,146,161,0.0,0.0
265,Dị dạng bẩm sinh khác - Other congenital malformations,"Q10-Q18,Q30-Q34,Q80-Q89",high,True,824,941,306,347,0.0,0.0,230,250,0.0,0.0
266,"Dị thường nhiễm sắc thể, chưa xếp ở chỗ khác - Chromosomal abnormalities, not elsewhere sclassified",Q90-Q99,low,True,11,11,6,6,0.0,0.0,4,4,0.0,0.0
267,Đau bụng và khung chậu - Abdominal and pelvic pain,R10,medium,True,368,398,116,120,0.0,0.0,144,158,0.0,0.0
268,Sốt không rõ nguyên nhân - Fever of unknown origin,R50,low,True,38,39,14,14,0.0,0.0,15,16,0.0,0.0
27,Sốt Rickettsia - Typhus fever,A75,low,True,57,57,9,9,0.0,0.0,9,9,0.0,0.0
270,"Các triệu chứng, dấu hiệu và kết quả bất thường về khám lâm sàng và xét nghiệm khác, chưa xếp ở chỗ khác - Other symptoms, signs and abnormal clinical and laboratory findings, not elsewhere classified","R00-R09,R11-R49,R51-R53,R55-R99",high,True,1967,2509,739,1082,0.0,0.0,776,1132,0.0,0.0
271,Vỡ xương sọ và các xương mặt - Fracture of skull and facial bones,S02,medium,True,323,334,158,162,0.0,0.0,116,121,0.0,0.0
272,"Gãy xương cổ, ngực, khung chậu - Fracture of neck, thorax or pelvis.","S12,S22,S32,T08",insufficient,True,11,11,4,4,0.0,0.0,4,4,0.0,0.0
273,Gãy xương đùi - Fracture of femur,S72,medium,True,326,345,155,168,0.0,0.0,159,168,0.0,0.0
274,Gãy các phần khác của chi do lao động và giao thông - Fracture of other lim bones,"S42,S52,S62,S82,S92,T10,T12",high,True,2040,2712,643,871,0.060849598163030996,0.4489092996555683,646,907,0.03307607497243661,0.5446527012127894
276,"Sai khớp, bong gân, tổn thương khu trú và ở nhiều vùng cơ thể - Dislocations, sprains and strains of specified and multiple body regions","S03,S13,S23,S33,S43,S53,S63,S73,S83,S93,T03",low,True,19,19,11,11,0.0,0.0,8,8,0.0,0.0
277,Thương tổn do chấn thương ở mắt và hốc mắt - Injury of eye and orbit,S05,insufficient,True,3,3,1,1,0.0,0.0,1,1,0.0,0.0
278,Thương tổn do chấn thương trong sọ - Intracranial injury,S06,high,True,639,684,244,255,0.0,0.0,251,266,0.0,0.0
279,Thương tổn do chấn thương các nội tạng khác - Injury of other internal organs,"S26-S27,S36-S37",low,True,64,64,16,16,0.0,0.0,14,14,0.0,0.0
280,Chấn thương dập nát và cắt cụt đã xác định và nhiều vùng trong cơ thể - Fracture of other lim bones,"S07-S08,S17-S18,S28,S38,S47-S48,S57-S58,S67-S68,S77-S78,S87-S88,S97-S98,T04-T05",insufficient,False,0,0,1,1,0.0,0.0,0,0,,
281,"Các tổn thương khác do chấn thương xác định và ở nhiều nơi - Other injuries of specified, unspecified and multiple body regions","S00-S01,S04,S09-S11,S14-S16,S19-S21,S24-S25,S29-S31,S34-S35,S39-S41,S44-S46,S49-S51,S54-S56,S59-S61,S64-S66,S69-S71,S74-S76,S79-S81,S84-S86,S89-S91,S94-S96,S99-T01,T06-T07,T09,T13-T14",high,True,1015,1141,338,380,0.0,0.0,324,361,0.0,0.0
282,Hậu quả do dị vật vào hốc tự nhiên - Effects of foreign body entert hrough natural orifice,T15-T19,medium,True,373,382,122,131,0.0,0.0,119,121,0.0,0.0
283,Bỏng và sự ăn mòn - Burnss and corrosions,T20-T32,medium,True,405,429,103,108,0.0,0.0,134,141,0.0,0.0
284,Nhiễm độc thuốc và các sinh phẩm - Poisoning by drugs and biological substances,T36-T50,low,True,23,23,20,21,0.0,0.0,22,23,0.0,0.0
285,Tác hại của các chất có nguồn gốc chủ yếu không phải thuốc - Toxic effects of substances chiefly nonmedical as to source,T51-T65,low,True,36,38,29,29,0.0,0.0,16,16,0.0,0.0
287,Hậu quả của các nguyên nhân bên ngoài khác và không xác định - Other and unspecified effects of external causes,"T33-T35,T66-T73,T75-T78",medium,True,168,172,74,78,0.0,0.0,71,72,0.0,0.0
288,"Một số biến chứng sớm của chấn thương, của chăm sóc ngoại khoa và y học, chưa xếp ở nơi khác - Certain early complications of trauma and complications of surgical and medical care, not elsewhere classified",T79-T88,medium,True,150,154,51,52,0.0,0.0,53,54,0.0,0.0
289,"Di chứng, thương tổn do chấn thương, do ngộ độc và hậu quả khác do nguyên nhân bên ngoài - Sequalae of injuries, of poisoning and of other consequences of external causes",T90-T98,insufficient,True,4,4,1,1,0.0,0.0,0,0,,
290,Tai nạn giao thông - Transport accidént,V01-V99,insufficient,True,5,5,0,0,,,0,0,,
291,Tai nạn do các nguyên nhân sức mạnh cơ học và không cố ý - exposure to inanimate mechanical forces,W00-W64,low,True,32,32,7,8,0.0,0.0,12,12,0.0,0.0
292,"Tai nạn chết đuối, chết chìm - Accident drowning and submersion",W65-W84,insufficient,True,5,5,3,3,0.0,0.0,3,3,0.0,0.0
294,"Tai nạn do khói, lửa, đám cháy - expossure to smoke, fire and fpames",X00-X09,insufficient,False,0,0,0,0,,,1,2,0.0,0.0
295,Tai nạn do tiếp xúc với các chất nóng - contact with heat and hot,X10-X19,insufficient,False,0,0,1,1,0.0,0.0,1,1,0.0,0.0
296,Tai nạn do tiếp xúc với động vật và cây độc - Contact with venomous animals and plants,X20-X29,low,True,25,25,8,8,0.0,0.0,15,16,0.0,0.0
297,Tai nạn ngộ độc do các chất độc - Accident poisoning by and exposure to noxious substances,X40-X49,insufficient,True,8,8,0,0,,,0,0,,
298,Tự tử - Intentional self-harm,X60-X84,insufficient,False,0,0,1,1,0.0,0.0,0,0,,
299,Bạo lực đánh nhau - Assault,X85-Y09,low,True,21,21,7,7,0.0,0.0,4,4,0.0,0.0
30,Viêm não Virut - Viral encephalitis,A83-A86,low,True,39,39,15,15,0.0,0.0,18,19,0.0,0.0
300,Tai biến của thuốc và các chất sinh học trong điều trị - Drugs medicament and biological substances causing adverseeffects in therapeutic use.,Y40-Y59,high,True,690,860,150,174,0.0,0.0,144,165,0.0,0.012121212121212121
304,Người tiếp xúc với các dịch vụ y tế làm các khám xét và điều tra - Person encountering health services for examination and investigation,Z00-Z01,low,True,29,29,5,5,0.0,0.0,2,2,0.0,0.0
306,Người có nguy cơ liên quan đến bệnh truyền nhiễm - Other persons with potential health hazards related to communicable diseases,"Z20,Z22-Z29",low,True,1,1,5,5,0.0,0.0,20,21,0.0,0.0
311,Bệnh do tiếp xúc với dịch vụ y tế phải chăm sóc và khám xét đặc biệt - Persons encountering health services for specific procedures and health care,Z40-Z54,high,True,737,811,258,290,0.0,0.0,256,292,0.0,0.0
312,Bệnh do tiếp xúc với dịch vụ y tế vì những lý do khác - Person encoutering health services for other reasons,"Z31-Z33,Z37,Z55-Z99",medium,True,121,122,66,66,0.0,0.0,52,54,0.0,0.0
313,COVID-19 * U07.1 là bệnh nhân COVID-19 có kết quả xét nghiệm SARS-CoV-2 dương tính cập nhật theo hướng dẫn chẩn đoán và điều trị của Bộ Y tế.,U07.1,high,True,1179,1947,6,6,0.0,0.0,2,2,0.0,0.0
32,Sốt virut khác do tiết túc truyền và sốt virus xuất huyết - Other arthropod,"A90-A94,A96-A99",high,True,3080,5497,277,316,0.18037974683544303,0.3924050632911392,642,828,0.25120772946859904,0.6714975845410628
33,Nhiễm virut Héc-pét - Herpesviral infections,B00,insufficient,True,4,4,0,0,,,3,3,0.0,0.0
34,Thuỷ đậu và zôna - Varicella and Zoster,B01-B02,low,True,61,61,23,23,0.0,0.0,26,26,0.0,0.0
35,Sởi - Measles,B05,high,False,0,0,27,28,0.0,0.0,832,1547,0.0,0.0
37,Viêm gan B cấp - Acute hepatitis B,B16,insufficient,True,3,3,3,3,0.0,0.0,3,3,0.0,0.0
38,Viêm gan virut khác - Other viral hepatitis,"B15,B17-B19",low,True,16,16,7,7,0.0,0.0,2,2,0.0,0.0
39,Nhiễm HIV - Human immuno deficiency virus disease,B20-B24,insufficient,True,4,4,4,4,0.0,0.0,8,8,0.0,0.0
4,Lỵ Amip - Amoebiasis,A06,low,True,19,19,2,2,0.0,0.0,1,1,0.0,0.0
40,Quai bị - Mumps,B26,insufficient,False,0,0,0,0,,,2,2,0.0,0.0
41,Bệnh virut khác - Other viral diseases,"A81,A87-A89,B03-B04,B07-B09,B25,B27-B34",high,True,2806,6809,686,1152,0.036458333333333336,0.5894097222222222,573,817,0.006119951040391677,0.34516523867809057
42,Nấm - Mycoses,B35-B49,insufficient,True,11,11,3,3,0.0,0.0,4,4,0.0,0.0
47,Các nhiễm khuẩn do sán lá - Other fluke infections,B66,insufficient,True,1,1,0,0,,,0,0,,
48,Sán Echinococ - Echinococcosis,B67,insufficient,True,1,1,0,0,,,0,0,,
5,"Ỉa chảy, viêm dạy dày, ruột non có nguồn gốc nhiễm khuẩn - Diarrhoea and gastroenteritis of presumed infectious origin.",A09,high,True,2222,3930,1174,2554,0.0,0.014487079091620987,1090,2356,0.0008488964346349745,0.1298811544991511
53,Bệnh giun sán khác - Other Helminthiases,"B68-B71,B75,B77-B83",insufficient,True,12,12,1,1,0.0,0.0,2,2,0.0,0.0
57,Bệnh nhiễm khuẩn và kí sinh vật khác - Other infectious and parasitic diseases,"A65-A67,A69-A70,A74,A77-A79,B58-B64,B85-B89,B94-B99",medium,True,181,185,23,24,0.0,0.0,26,26,0.0,0.0
58,"U ác môi, khoang miệng, họng - Malignant neoplasm of lip, oral cavity and pharynx",C00-C14,low,True,25,25,3,3,0.0,0.0,0,0,,
6,Các bệnh nhiễm khuẩn ruột khác - Other intestinal infectious diseases,"A02,A04-A05,A07-A08",high,True,3387,7029,1071,2353,0.0,0.6034849128771781,1035,2190,0.0013698630136986301,0.7424657534246575
60,U ác dạ dày - Malignant neoplasm of stomach,C16,insufficient,True,1,1,0,0,,,1,1,0.0,0.0
61,U ác đại tràng - Malignant neoplasm of colon,C18,insufficient,False,0,0,1,1,0.0,0.0,2,2,0.0,0.0
62,"U ác chỗ nối trực tràng sigma, trực tràng, hậu môn và ống hậu môn - Malignant neoplasm of rectosigmoid function, rectum, anus and anal canal",C19-C21,insufficient,True,6,6,0,0,,,0,0,,
63,U ác gan và đường mật trong gan - Malignant neoplasm of liver and intrahepatic bile ducts,C22,medium,True,268,284,134,141,0.0,0.0,54,55,0.0,0.0
64,U ác tụy - Malignant neoplasm of pancreas,C25,insufficient,True,9,9,2,2,0.0,0.0,2,2,0.0,0.0
65,Các u khác cơ quan tiêu hoá - Other malignant neoplasms of digestive organs,"C17,C23-C24,C26",low,True,5,5,13,13,0.0,0.0,3,3,0.0,0.0
67,"U ác khí quản, phế quản và phổi - Malignant neoplasms of trachea, bronchus and lung",C33-C34,insufficient,False,0,0,2,2,0.0,0.0,0,0,,
68,Các u khác cơ quan hô hấp và lồng ngực - Other malignant neplasm of respiratory and intrathoracic,"C30-C31,C37-C39",medium,True,240,243,84,90,0.0,0.0,47,47,0.0,0.0
69,U ác xương và sụn khớp - Malignant neoplasms of bone and articular cartilage,C40-C41,medium,True,385,413,65,67,0.0,0.0,61,65,0.0,0.0
7,Lao bộ máy hô hấp - Respiratory tuberculosis,A15-A16,low,True,35,35,2,2,0.0,0.0,4,4,0.0,0.0
70,U ác hắc tố da - Malignant melanoma of skin,C43,insufficient,True,10,10,2,2,0.0,0.0,1,1,0.0,0.0
72,U ác mạc treo và các mô mềm - Malignantneoplasms of mesothelial and soft tissue,C45-C49,high,True,976,1167,246,306,0.0,0.0,162,190,0.0,0.0
73,U ác vú - Malignant neoplasm of breast,C50,insufficient,True,1,1,0,0,,,0,0,,
74,U ác khác cơ quan sinh dục nữ - Malignant neoplasms of female genital organs,"C51-C52,C57-C58",low,True,31,32,0,0,,,0,0,,
76,U ác các phần khác và không xác định của tử cung - Malignant neoplasms of other and unspecified parts of uterus,C54-C55,medium,True,248,273,47,49,0.0,0.0,66,73,0.0,0.0684931506849315
78,U ác khác của cơ quan sinh dục nam - Other malignant neoplasms of male genital organs,"C60,C62-C63",low,True,59,61,37,40,0.0,0.0,39,45,0.0,0.0
79,U ác bàng quang - Malignant neoplasm of bladder,C67,low,True,47,48,6,6,0.0,0.0,2,2,0.0,0.0
8,Các dạng lao khác - Other tuberculosis,A17-A19,low,True,57,57,11,11,0.0,0.0,18,19,0.0,0.0
80,U ác khác của đường tiết niệu - Other malignant neoplasms of uterinary tract,"C64-C66,C68",high,True,583,674,177,220,0.0,0.0,156,176,0.0,0.0
81,U ác mắt và các phần phụ - Malignant neoplasm of eye and adnexa,C69,insufficient,True,12,12,3,3,0.0,0.0,2,2,0.0,0.0
82,U ác não - Malignant neoplasm of brain,C71,medium,True,369,383,116,126,0.0,0.0,106,115,0.0,0.0
83,U ác các phần khác của hệ thần kinh trung ương - Malignant neoplasm of other parts of central nervous system,"C70,C72",low,True,12,12,6,6,0.0,0.0,18,18,0.0,0.0
84,"U ác các khu trú khác, khó định nghĩa, thứ phát, không xác định rõ và phức hợp - Malignant neoplasm of other and ill","C73-C80,C97",medium,True,353,364,100,104,0.0,0.0,145,158,0.0,0.0
85,Bệnh Hodgkin - Hodgkin disease,C81,medium,True,143,147,81,88,0.0,0.0,26,28,0.0,0.0
86,U bạch huyết không phải Hodgkin - Non-Hodgkin's lymphoma,C82-C85,high,True,736,820,186,206,0.0,0.0048543689320388345,180,198,0.0,0.0
87,Bệnh bạch cầu - Leukaemia,C91-C95,high,True,2967,6036,759,1540,0.14285714285714285,0.6214285714285714,777,1577,0.21116043119847813,0.7393785668991757
88,"U ác limphô khác, cơ quan tạo máu và tổ chức có liên quan - Other malignant neoplasms of lymphoid, haematopoietic and related tissue","C86,C88-C90,C96",low,True,33,33,16,16,0.0,0.0,5,5,0.0,0.0
9,Dịch hạch - Plague,A20,insufficient,True,1,1,0,0,,,0,0,,
90,U da lành - Benign neoplasm of skin,D22-D23,medium,True,341,364,96,105,0.0,0.0,91,94,0.0,0.0
91,U vú lành - Benign neoplasm of breast,D24,low,True,43,46,11,12,0.0,0.0,3,3,0.0,0.0
92,U cơ trơn tử cung - Leiomyoma of uterus,D25,insufficient,True,1,1,0,0,,,0,0,,
93,U buồng trứng lành - Benign neoplasm of ovary,D27,medium,True,210,233,57,60,0.0,0.03333333333333333,49,50,0.0,0.0
94,U lành cơ quan tiết niệu - Benign neoplasm of urinary organs,D30,insufficient,True,5,5,0,0,,,2,2,0.0,0.0
95,U lành não và các phần khác của hệ thần kinh trung ương - Benign neoplasm of brain and other parts of central nervous system,D33,medium,True,253,256,59,60,0.0,0.0,72,73,0.0,0.0
96,"U khác insitu, lành tính và các u tiến triển không chắc chắn hoặc chưa rõ - Other insitus and benign neoplasms and neoplasms of uncertain or unknown behaviour","D00-D05,D07-D21,D26,D28-D29,D31-D32,D34-D48",high,True,1912,2391,610,798,0.0012531328320802004,0.13659147869674185,540,657,0.0,0.0487062404870624
97,Thiếu máu do thiếu sắt - Iron deficiency anaemia,D50,medium,True,489,535,109,119,0.0,0.0,100,107,0.0,0.0
98,Thiếu máu khác - Other anaemias,D51-D64,high,True,1567,2206,411,584,0.02226027397260274,0.2482876712328767,340,472,0.0,0.15889830508474576
99,"Tổn thương chảy máu, bệnh khác của máu và cơ quan tạo máu - Haemorrhagic conditions and other diseases of blood, blood",D65-D77,high,True,2094,2722,715,992,0.0,0.04536290322580645,644,901,0.005549389567147614,0.12319644839067703
