feature,feature_group,human_label,mean_abs_shap,normalized_importance,macro_normalized_gain_importance,macro_normalized_split_importance,rank
age_group,DEMOGRAPHIC,Nhóm tuổi,0.957177108641469,0.4458209835347796,0.4487082543686771,0.1385725502211952,1
gender,DEMOGRAPHIC,Giới tính,0.18946330423338537,0.0855483091460449,0.07327827689284667,0.07640117384952269,2
day_of_year_cos,SEASONAL_CALENDAR,Thời điểm trong năm,0.08778998110871768,0.06937059155281369,0.07130984919102756,0.0966769274874039,3
day_of_year_sin,SEASONAL_CALENDAR,Thời điểm trong năm,0.08426732289869586,0.05980777578249444,0.0671507579536361,0.09164741592769489,4
temperature_min_7d,WEATHER_7D,Nhiệt độ — 7 ngày gần đây,0.07336232848864244,0.040387869405489676,0.04883746427899991,0.0712911797288365,5
month,SEASONAL_CALENDAR,Yếu tố mùa vụ theo tháng,0.04193899162694076,0.03010081946078135,0.026557254532558125,0.032682229421854656,6
wind_speed_max_7d,WEATHER_7D,Gió — 7 ngày gần đây,0.05393467892724708,0.0258553798606874,0.02631609334193008,0.05036661807636581,7
temperature_max_7d,WEATHER_7D,Nhiệt độ — 7 ngày gần đây,0.03544871694669905,0.024462178893068346,0.028018178061367624,0.03952709473618392,8
temperature_mean_7d,WEATHER_7D,Nhiệt độ — 7 ngày gần đây,0.028770611999359538,0.022390338941383543,0.0255046361379832,0.0342705206859072,9
rain_max_daily_7d,WEATHER_7D,Lượng mưa — 7 ngày gần đây,0.033260570163681086,0.02080128420436984,0.022312775709840183,0.04249250838910939,10
wind_gust_max_7d,WEATHER_7D,Gió — 7 ngày gần đây,0.03514510717285415,0.020558392949893815,0.024602824561674345,0.04268835386430487,11
wind_speed_mean_7d,WEATHER_7D,Gió — 7 ngày gần đây,0.030219266054520293,0.020399111753284436,0.02384944300404681,0.037327332468262885,12
humidity_max_7d,WEATHER_7D,Độ ẩm — 7 ngày gần đây,0.038464089880951145,0.016781029965068677,0.012146822408888031,0.021742049986011674,13
humidity_min_7d,WEATHER_7D,Độ ẩm — 7 ngày gần đây,0.02460015665587241,0.01431327750191843,0.016413415094094694,0.02671307771188034,14
precipitation_sum_7d,WEATHER_7D,Lượng mưa — 7 ngày gần đây,0.018511855007196643,0.011429796315153359,0.01283850813786613,0.02175608452003328,15
humidity_mean_7d,WEATHER_7D,Độ ẩm — 7 ngày gần đây,0.017087358362185907,0.010855546696329857,0.0101965492072605,0.01854348218183792,16
temperature_max_current,WEATHER_CURRENT,Nhiệt độ — hiện tại,0.017263064759199635,0.008099574243580637,0.005938438526189424,0.01049249734914662,17
wind_speed_max_3d,WEATHER_3D,Gió — 3 ngày gần đây,0.015459000899999601,0.007021952661061601,0.004869872694680709,0.01298611968749432,18
temperature_max_3d,WEATHER_3D,Nhiệt độ — 3 ngày gần đây,0.011502782803302697,0.006933444882418917,0.00645707873504563,0.012935206509007037,19
wind_speed_mean_3d,WEATHER_3D,Gió — 3 ngày gần đây,0.01111756179968917,0.0061876389549108055,0.004690002776258941,0.011644760339063663,20
weather_code_current,WEATHER_CURRENT,Trạng thái thời tiết — hiện tại,0.016753491922988657,0.005691697818096494,0.002633502115579495,0.006784197300002783,21
temperature_mean_3d,WEATHER_3D,Nhiệt độ — 3 ngày gần đây,0.009668509352535954,0.005330656098715523,0.005591096866182528,0.010988560332448234,22
rain_days_7d,WEATHER_7D,Lượng mưa — 7 ngày gần đây,0.012579963202792765,0.005297622988141889,0.004866737870070961,0.00758544805314547,23
temperature_min_3d,WEATHER_3D,Nhiệt độ — 3 ngày gần đây,0.009534150953671118,0.005156975034829487,0.005086750117134534,0.010001782544474173,24
wind_gust_max_3d,WEATHER_3D,Gió — 3 ngày gần đây,0.006342077812119162,0.004877801002449515,0.0030762920332620667,0.008467323720090113,25
humidity_mean_3d,WEATHER_3D,Độ ẩm — 3 ngày gần đây,0.006380529514845117,0.003947839699454097,0.004143551944475296,0.008370975691728498,26
temperature_mean_current,WEATHER_CURRENT,Nhiệt độ — hiện tại,0.00501380530558552,0.002976761021344765,0.002227742971323939,0.008356840380336147,27
wind_speed_mean_current,WEATHER_CURRENT,Gió — hiện tại,0.0039145482765379006,0.0021229280935497782,0.0015415626509329564,0.00494900361087158,28
precipitation_sum_3d,WEATHER_3D,Lượng mưa — 3 ngày gần đây,0.003689687267627816,0.0020048863982007068,0.0012341653026053812,0.005033497030109047,29
rain_max_daily_3d,WEATHER_3D,Lượng mưa — 3 ngày gần đây,0.004091953009524577,0.001960952318895554,0.001330904512223746,0.004370489414884743,30
humidity_min_3d,WEATHER_3D,Độ ẩm — 3 ngày gần đây,0.0036836174693587213,0.0018755044794200198,0.001536977365993978,0.004624670071480163,31
humidity_max_3d,WEATHER_3D,Độ ẩm — 3 ngày gần đây,0.0029995170470914693,0.0016296112565311498,0.0013600613685529213,0.004411771778281015,32
temperature_min_current,WEATHER_CURRENT,Nhiệt độ — hiện tại,0.003047979634495329,0.0014347537783771856,0.0008239282835098564,0.003768102991496027,33
season,SEASONAL_CALENDAR,Mùa mưa / mùa khô,0.002487707937203257,0.001355906599358944,0.0008252351597490673,0.0012081263470264591,34
rain_sum_7d,WEATHER_7D,Lượng mưa — 7 ngày gần đây,0.0024679717682245367,0.0011306740074301218,0.0008861968189881546,0.00207586884530002,35
humidity_max_current,WEATHER_CURRENT,Độ ẩm — hiện tại,0.0017970583548929883,0.0010193344956419296,0.0003460651698038209,0.001962816082600604,36
humidity_mean_current,WEATHER_CURRENT,Độ ẩm — hiện tại,0.002346329166930355,0.000990334677766559,0.0006867515402929817,0.004027286439365832,37
wind_gust_max_current,WEATHER_CURRENT,Gió — hiện tại,0.002162500544377591,0.0009491256770030149,0.00041004077187493037,0.0025692051306811323,38
wind_speed_max_current,WEATHER_CURRENT,Gió — hiện tại,0.002437267356281441,0.0008641291695345483,0.0003612634249762365,0.003816582417198368,39
humidity_min_current,WEATHER_CURRENT,Độ ẩm — hiện tại,0.0018026092471741268,0.0007500261138899216,0.0003872915213834485,0.002089273755802375,40
rain_days_3d,WEATHER_3D,Lượng mưa — 3 ngày gần đây,0.0019399262163380816,0.0006728506298864835,0.0003298179116774159,0.00112506239549015,41
precipitation_sum_current,WEATHER_CURRENT,Lượng mưa — hiện tại,0.0013413740495333763,0.0006341210637983076,0.00023985490505238163,0.0022154711072439465,42
rain_sum_3d,WEATHER_3D,Lượng mưa — 3 ngày gần đây,0.00029721182521387556,0.00010539147980826232,5.252578170855982e-05,0.0002083948417252388,43
rain_sum_current,WEATHER_CURRENT,Lượng mưa — hiện tại,0.00021245708657911745,9.242479983473286e-05,2.4370912014418978e-05,0.00022530291958553313,44
rain_day_current,WEATHER_CURRENT,Lượng mưa — hiện tại,8.354588093928949e-06,2.394592507857715e-06,8.170657589936325e-07,6.7636575154380485e-06,45
